pol_id,value,hp_id,smiles,canonical_smiles
2,7.6997,2,[*]CC([*])C,[*]CC([*])C
3,7.9012,3,[*]CC([*])CC,[*]CC([*])CC
4,7.2705,4,[*]CC([*])CCC,[*]CC([*])CCC
29,7.9703,29,[*]CC1CCC([*])C1,[*]CC1CCC([*])C1
43,7.5725,43,[*]CC([*])CCCC1CCCCC1,[*]CC([*])CCCC1CCCCC1
48,7.4047,48,[*]C([*])C,[*]C([*])C
58,5.7962,58,[*]C=CCCCC[*],[*]=CCCCCC=[*]
49,0.9567,49,[*]C=C[*],[*]C=C[*]
69,6.5419,69,[*]C1CCC1[*],[*]C1CCC1[*]
74,7.3387,74,[*]CC1([*])CCCCC1,[*]CC1([*])CCCCC1
480,5.3218,480,[*]CC([*])(C)C(=O)OC(C(F)(F)F)C(F)(F)F,[*]CC([*])(C)C(=O)OC(C(F)(F)F)C(F)(F)F
481,6.1125,481,[*]CC([*])(C)C(=O)OC(F)(C(F)(F)F)C(F)(F)F,[*]CC([*])(C)C(=O)OC(F)(C(F)(F)F)C(F)(F)F
535,5.1226,535,[*]CC([*])C(=O)OCCSCCCC#N,[*]CC([*])C(=O)OCCSCCCC#N
665,5.8301,665,[*]CC([*])(C#N)C(=O)OC(C)C,[*]CC([*])(C#N)C(=O)OC(C)C
531,5.1007,531,[*]CC([*])C(=O)OCCCCSC,[*]CC([*])C(=O)OCCCCSC
532,5.1212,532,[*]CC([*])C(=O)OCCCSCC,[*]CC([*])C(=O)OCCCSCC
160,4.8032,160,[*]CC([*])c1ccc(C(=O)OCC(C)C)cc1,[*]CC([*])c1ccc(C(=O)OCC(C)C)cc1
669,6.0081,669,[*]C1C(=O)OC(=O)C1[*],[*]C1C(=O)OC(=O)C1[*]
705,6.9544,705,[*]C(F)(F)C1(F)C(F)(F)C([*])(F)C(F)(F)C1(F)F,[*]C(F)(F)C1(F)C(F)(F)C([*])(F)C(F)(F)C1(F)F
709,6.4523,709,[*]CCC(Cl)C([*])Cl,[*]CCC(Cl)C([*])Cl
710,5.7329,710,[*]C=CC(C[*])(C(F)(F)F)C(F)(F)F,[*]C=CCC([*])(C(F)(F)F)C(F)(F)F
800,6.8354,800,[*]CCCCCOCO[*],[*]CCCOCOCC[*]
729,8.7732,729,[*]CO[*],[*]CO[*]
234,7.5488,234,[*]CC([*])O,[*]CC([*])O
252,5.9373,252,[*]CC([*])OC(C)=O,[*]CC([*])OC(C)=O
242,7.4435,242,[*]CC([*])C#N,[*]CC([*])C#N
243,7.1863,243,[*]CC([*])(C)C#N,[*]CC([*])(C)C#N
274,4.5772,274,[*]CC([*])CCc1ccc(C)cc1,[*]CC([*])CCc1ccc(C)cc1
716,5.4843,716,[*]C1C=CC([*])CC1,[*]C1C=CC([*])CC1
725,5.4974,725,[*]C=CC(C)C([*])C(=O)OCCCC,[*]C=CC(C)C([*])C(=O)OCCCC
736,6.9611,736,[*]OC([*])CCC#N,[*]OC([*])CCC#N
289,7.9156,289,[*]C(C)C([*])O,[*]C(C)C([*])O
739,6.2206,739,[*]CCO[*],[*]COC[*]
305,7.802,305,[*]C(F)C([*])(F)OC(F)(F)F,[*]C(F)C([*])(F)OC(F)(F)F
316,3.9853,316,[*]CC([*])C(=O)c1ccc(CC)cc1,[*]CC([*])C(=O)c1ccc(CC)cc1
337,6.0228,337,[*]CC([*])OC(=O)C(F)(F)C(F)(F)C(F)(F)F,[*]CC([*])OC(=O)C(F)(F)C(F)(F)C(F)(F)F
403,6.4741,403,[*]CC([*])OC(=O)CC1CCCC1,[*]CC([*])OC(=O)CC1CCCC1
772,10.1137,772,[*]OC(F)(F)C([*])(F)F,[*]OC(F)(F)C([*])(F)F
404,5.5902,404,[*]CC([*])N1CCCC1=O,[*]CC([*])N1CCCC1=O
406,6.1071,406,[*]CC([*])C(=O)O,[*]CC([*])C(=O)O
773,7.4889,773,[*]CCCO[*],[*]CCOC[*]
410,6.455,410,[*]CC([*])C(=O)OC(C)C,[*]CC([*])C(=O)OC(C)C
819,4.2235,819,[*]Oc1ccc(SSCCCCCCCCCCSSc2ccc([*])cc2)cc1,[*]SSCCCCCCCCCCSSc1ccc(Oc2ccc([*])cc2)cc1
433,6.4578,433,[*]CC([*])C(=O)OCC(F)(F)C(F)(F)C(F)(F)C(F)(F)F,[*]CC([*])C(=O)OCC(F)(F)C(F)(F)C(F)(F)C(F)(F)F
435,5.7185,435,[*]CC([*])C(=O)OCC(F)(F)C(F)(F)C(F)(F)C(F)(F)C(F)(F)C(F)(F)C(F)(F)F,[*]CC([*])C(=O)OCC(F)(F)C(F)(F)C(F)(F)C(F)(F)C(F)(F)C(F)(F)C(F)(F)F
451,6.2424,451,[*]CC([*])(C)C(=O)OCC,[*]CC([*])(C)C(=O)OCC
469,4.8118,469,[*]CC([*])(C)C(=O)Oc1ccccc1,[*]CC([*])(C)C(=O)Oc1ccccc1
497,6.3764,497,[*]CC([*])C(N)=O,[*]CC([*])C(N)=O
472,4.9946,472,[*]CC([*])(C)C(=O)OCCc1ccccc1,[*]CC([*])(C)C(=O)OCCc1ccccc1
478,5.3983,478,[*]CC([*])(C)C(=O)OCC(F)(F)C(F)F,[*]CC([*])(C)C(=O)OCC(F)(F)C(F)F
505,6.2722,505,[*]CC([*])C(=O)OC(CC)CC,[*]CC([*])C(=O)OC(CC)CC
488,5.9514,488,[*]CC([*])(C)C(=O)OCCOCC,[*]CC([*])(C)C(=O)OCCOCC
526,6.1736,526,[*]CC([*])C(=O)OCF,[*]CC([*])C(=O)OCF
581,6.2508,581,[*]CC([*])(C)C(=O)OCCC#N,[*]CC([*])(C)C(=O)OCCC#N
614,6.0236,614,[*]CC([*])C(=O)OCC(F)(F)C(F)(F)OC(F)(F)C(F)(F)C(F)(F)C(F)(F)F,[*]CC([*])C(=O)OCC(F)(F)C(F)(F)OC(F)(F)C(F)(F)C(F)(F)C(F)(F)F
634,6.1989,634,[*]CC([*])(C#N)C(=O)OCC,[*]CC([*])(C#N)C(=O)OCC
662,6.3252,662,[*]CCC(C(=O)OC)C([*])C(=O)OC,[*]CCC(C(=O)OC)C([*])C(=O)OC
673,8.3099,673,[*]CC([*])F,[*]CC([*])F
677,6.8451,677,[*]C(F)C([*])(F)F,[*]C(F)C([*])(F)F
686,7.4828,686,[*]CCC(F)(F)C([*])(F)Cl,[*]CCC(F)(Cl)C([*])(F)F
687,9.1316,687,[*]CCC(F)(F)C([*])(F)F,[*]CCC(F)(F)C([*])(F)F
715,5.7469,715,[*]C=CC(C[*])CCC,[*]C=CCC([*])CCC
740,6.9903,740,[*]CC(C)O[*],[*]CC(C)O[*]
742,7.4158,742,[*]CC(O[*])C(F)(F)F,[*]CC(O[*])C(F)(F)F
795,4.3787,795,[*]Oc1ccc(Cc2ccc([*])cc2)cc1,[*]Oc1ccc(Cc2ccc([*])cc2)cc1
973,8.7307,973,[*]OC(F)(F)C(F)(F)C(F)(F)C([*])(F)F,[*]OC(F)(F)C(F)(F)C(F)(F)C([*])(F)F
977,7.3501,977,[*]CC(C)CO[*],[*]COCC([*])C
1032,6.4585,1032,[*]CCOC(=O)NCCOCCOCCNC(=O)O[*],[*]NCCOCCOCCNC(=O)OCCOC([*])=O
1086,6.9566,1086,[*]CC1CC1CO[*],[*]CC1CC1CO[*]
1109,5.5157,1109,[*]CCOCCOCCOC(=O)CCCCCC(=O)O[*],[*]CCCCCC(=O)OCCOCCOCCOC([*])=O
1110,6.184,1110,[*]CCOCCOCCOC(=O)CCCCCCC(=O)O[*],[*]CCCCCCC(=O)OCCOCCOCCOC([*])=O
1141,5.7504,1141,[*]CCOCCOC(=O)CCCCS(=O)(=O)CCCCC(=O)O[*],[*]CCCCS(=O)(=O)CCCCC(=O)OCCOCCOC([*])=O
1214,7.0955,1214,[*]ON(C(F)(F)F)C(F)(C([*])(F)F)C(F)(F)F,[*]OC(F)(F)C(F)(N([*])C(F)(F)F)C(F)(F)F
1276,7.8208,1276,[*]C1(F)OC(C(F)(F)F)(C(F)(F)Cl)OC1([*])F,[*]C1(F)OC(C(F)(F)F)(C(F)(F)Cl)OC1([*])F
1277,8.0982,1277,[*]C1OC(C(F)(F)F)(C(F)(F)F)OC1([*])F,[*]C1OC(C(F)(F)F)(C(F)(F)F)OC1([*])F
1401,4.8805,1401,[*]CS[*],[*]CS[*]
1419,4.989,1419,[*]CCCCCS[*],[*]CCCSCC[*]
1462,5.1327,1462,[*]CCCCCCOC(=O)NCCSCCCCCSCCNC(=O)O[*],[*]NCCSCCCCCSCCNC(=O)OCCCCCCOC([*])=O
1424,4.9438,1424,[*]CCCCSCCS[*],[*]CCSCCSCC[*]
1427,5.0604,1427,[*]CCCCCCSCCS[*],[*]CCCSCCSCCC[*]
1435,4.2836,1435,[*]CCCCCCSSCCCCSS[*],[*]CCCSSCCCCSSCCC[*]
1439,5.52,1439,[*]CCCCCCCCCCSCCCCCCS[*],[*]CCCCCSCCCCCCSCCCCC[*]
1449,5.1094,1449,[*]CCOC(=O)NCCSCCCCSCCNC(=O)O[*],[*]NCCSCCCCSCCNC(=O)OCCOC([*])=O
1460,4.7777,1460,[*]CCCCCCOC(=O)NCCSCCSCCNC(=O)O[*],[*]NCCSCCSCCNC(=O)OCCCCCCOC([*])=O
1469,5.2199,1469,[*]SC1CCCC([*])C1,[*]SC1CCCC([*])C1
1471,5.0712,1471,[*]CC1CCC(COC(=O)NCCSCCCSCCNC(=O)O[*])CC1,[*]NCCSCCCSCCNC(=O)OCC1CCC(COC([*])=O)CC1
1473,5.4414,1473,[*]CC1CCC(COC(=O)NCCSCCCCCSCCNC(=O)O[*])CC1,[*]NCCSCCCCCSCCNC(=O)OCC1CCC(COC([*])=O)CC1
1479,3.1848,1479,[*]Sc1ccc([*])cc1,[*]Sc1ccc([*])cc1
1497,4.3552,1497,[*]CCc1ccc(Cc2ccc(CCS[*])cc2)cc1,[*]Cc1ccc(CCSCCc2ccc([*])cc2)cc1
1538,4.297,1538,[*]CCCC1CCN(C(=O)SSCCCCSSC(=O)N2CCC([*])CC2)CC1,[*]SSCCCCSSC(=O)N1CCC(CCCC2CCN(C([*])=O)CC2)CC1
1571,6.718,1571,[*]CCCCCCCCCCOC(=O)CCCCC(=O)O[*],[*]CCCCC(=O)OCCCCCCCCCCOC([*])=O
1566,6.6201,1566,[*]CCCCCCCCCCOC(=O)CCC(=O)O[*],[*]CCC(=O)OCCCCCCCCCCOC([*])=O
1569,6.7769,1569,[*]CCOC(=O)CCCCC(=O)O[*],[*]CCCCC(=O)OCCOC([*])=O
1573,6.8383,1573,[*]CCOC(=O)CCCCCCC(=O)O[*],[*]CCCCCCC(=O)OCCOC([*])=O
1574,6.4907,1574,[*]CCCOC(=O)CCCCCCC(=O)O[*],[*]CCCCCCC(=O)OCCCOC([*])=O
1586,3.8637,1586,[*]CCOC(=O)c1ccc(C(=O)O[*])cc1,[*]OCCOC(=O)c1ccc(C([*])=O)cc1
1588,4.0149,1588,[*]CCCCOC(=O)c1ccc(C(=O)O[*])cc1,[*]OCCCCOC(=O)c1ccc(C([*])=O)cc1
1601,5.0001,1601,[*]CCCCCC(=O)S[*],[*]CCCCCSC([*])=O
1618,6.5712,1618,[*]CC(=O)O[*],[*]CC(=O)O[*]
1621,7.0558,1621,[*]CCCCCC(=O)O[*],[*]CCCCCOC([*])=O
1629,6.8377,1629,[*]CCCCCCCCCCCC(=O)O[*],[*]CCCCCCCCCCCOC([*])=O
1637,6.0542,1637,[*]CCCCCCCCCCOC(=O)CCCCCCCCCCCCCCCCC(=O)O[*],[*]CCCCCCCCCCCCCCCCC(=O)OCCCCCCCCCCOC([*])=O
1656,4.2335,1656,[*]CC(C)C(C)COC(=O)c1ccc(C(=O)O[*])cc1,[*]COC(=O)c1ccc(C(=O)OCC(C)C([*])C)cc1
1658,4.4708,1658,[*]CC(CCC)C(CCC)COC(=O)c1ccc(C(=O)O[*])cc1,[*]COC(=O)c1ccc(C(=O)OCC(CCC)C([*])CCC)cc1
1712,4.5832,1712,[*]OC(c1ccc(OC)cc1)C(C)(C)C([*])=O,[*]OC(=O)C(C)(C)C([*])c1ccc(OC)cc1
1693,6.684,1693,[*]CCC(=O)O[*],[*]CCOC([*])=O
1700,6.5897,1700,[*]CC(C)C(=O)O[*],[*]COC(=O)C([*])C
1706,6.3683,1706,[*]CCCOC(=O)CCCCCCCCCCC(=O)O[*],[*]CCCCCCCCCCC(=O)OCCCOC([*])=O
1718,6.4924,1718,[*]CC1CCC(COC(=O)C2CCC(C(=O)O[*])CC2)CC1,[*]OCC1CCC(COC(=O)C2CCC(C([*])=O)CC2)CC1
1729,4.4908,1729,[*]CC1CC1COC(=O)c1cccc(C(=O)O[*])c1,[*]OCC1CC1COC(=O)c1cccc(C([*])=O)c1
1772,6.5974,1772,[*]OC(C)COC(=O)CCCCC([*])=O,[*]COC(=O)CCCCC(=O)OC([*])C
1775,6.4481,1775,[*]CCOC(=O)C1CCC(C(=O)O[*])CC1,[*]OCCOC(=O)C1CCC(C([*])=O)CC1
1830,4.6878,1830,[*]Oc1ccc(CC([*])=O)cc1,[*]Cc1ccc(OC([*])=O)cc1
1831,6.1969,1831,[*]CC(CCl)(CCl)C(=O)O[*],[*]OCC(CCl)(CCl)C([*])=O
1862,6.2672,1862,[*]CC(F)(F)C(F)(F)C(F)(F)COC(=O)CCCCC(=O)O[*],[*]CCCCC(=O)OCC(F)(F)C(F)(F)C(F)(F)COC([*])=O
1933,6.5878,1933,[*]CC(C)(C)COC(=O)CCCCC(=O)O[*],[*]COC(=O)CCCCC(=O)OCC([*])(C)C
1954,6.2709,1954,[*]OC(C)CCOC(=O)CCCCS(=O)(=O)CCCCC([*])=O,[*]CCOC(=O)CCCCS(=O)(=O)CCCCC(=O)OC([*])C
1993,5.7563,1993,[*]CC(F)(F)C(F)(F)C(F)(F)COC(=O)CCCC(=O)O[*],[*]CCCC(=O)OCC(F)(F)C(F)(F)C(F)(F)COC([*])=O
2005,6.5835,2005,[*]CCCCOC(=O)C1CCC(C(=O)O[*])CC1,[*]OCCCCOC(=O)C1CCC(C([*])=O)CC1
2058,6.4017,2058,[*]OC(C)COC(=O)CCCCS(=O)(=O)CCCCC([*])=O,[*]COC(=O)CCCCS(=O)(=O)CCCCC(=O)OC([*])C
2068,3.7934,2068,[*]Cc1ccc(C(=O)O[*])cc1,[*]OCc1ccc(C([*])=O)cc1
2136,6.2028,2136,[*]CCC(=O)N[*],[*]CCNC([*])=O
2145,6.3994,2145,[*]CCCCCCNC(=O)CCCCCCCCCCC(=O)N[*],[*]CCCCCCCCCCC(=O)NCCCCCCNC([*])=O
2146,5.9361,2146,[*]CCCCCCC(=O)N[*],[*]CCCCCCNC([*])=O
2204,4.7199,2204,[*]CCC(C)C(C)CCNC(=O)c1cccc(C(=O)N[*])c1,[*]CCNC(=O)c1cccc(C(=O)NCCC(C)C([*])C)c1
2182,5.1615,2182,[*]CC1CCC(CNC(=O)c2cc(C(=O)N[*])cc(C(C)(C)C)c2)CC1,[*]C(=O)NCC1CCC(CNC(=O)c2cc([*])cc(C(C)(C)C)c2)CC1
2288,5.7289,2288,[*]CC(=O)N[*],[*]CC(=O)N[*]
2371,4.2448,2371,[*]Cc1ccc(C(=O)N[*])cc1,[*]NCc1ccc(C([*])=O)cc1
2362,3.2399,2362,[*]Nc1cccc(C([*])=O)c1,[*]Nc1cccc(C([*])=O)c1
2393,4.214,2393,[*]CCCCCCCCCCCNC(=O)c1ccc(C(=O)N[*])cc1,[*]NCCCCCCCCCCCNC(=O)c1ccc(C([*])=O)cc1
2403,5.2823,2403,[*]CC1CCC(CNC(=O)CCCCCC(=O)N[*])CC1,[*]CCCCCC(=O)NCC1CCC(CNC([*])=O)CC1
2410,5.6374,2410,[*]CC1CC1CNC(=O)C1CC1C(=O)N[*],[*]NCC1CC1CNC(=O)C1CC1C([*])=O
2472,5.4756,2472,[*]NC(C)C(=O)NCC(=O)NCC(=O)NCC([*])=O,[*]NC(=O)CNC(=O)CNC(=O)CNC(=O)C([*])C
2513,4.7036,2513,[*]C(=O)c1ccc(C(=O)N2CCN([*])CC2)cc1,[*]C(=O)N1CCN(C(=O)c2ccc([*])cc2)CC1
2545,5.8867,2545,[*]NC(C)C(=O)NC(C)C(=O)NC(C(=O)NC(C([*])=O)C(C)C)C(C)C,[*]NC(=O)C(C)NC(=O)C(NC(=O)C(NC(=O)C([*])C)C(C)C)C(C)C
2567,6.4002,2567,[*]NC1CCCC1C([*])=O,[*]NC1CCCC1C([*])=O
2598,3.7266,2598,[*]NNC(=O)C(=O)NNC(=O)CCCCCCCC([*])=O,[*]CCCCCCCC(=O)NNC(=O)C(=O)NNC([*])=O
2643,6.2733,2643,[*]CCCCCNC(=O)C(CCCCCCCCCCCC)C(=O)N[*],[*]C(=O)NCCCCCNC(=O)C([*])CCCCCCCCCCCC
2666,4.6809,2666,[*]CCCNC(=O)CCCCCCCC(=O)NCCCNC(=O)C(=O)N[*],[*]CCCCCCCC(=O)NCCCNC(=O)C(=O)NCCCNC([*])=O
2694,2.4795,2694,[*]Nc1ccc(-c2ccc(NC(=O)c3cc(C([*])=O)cc(S(=O)(=O)c4ccccc4)c3)cc2)cc1,[*]Nc1ccc(-c2ccc(NC(=O)c3cc(C([*])=O)cc(S(=O)(=O)c4ccccc4)c3)cc2)cc1
2719,6.6421,2719,[*]CCOC(=O)NCCCCCCCCCCNC(=O)O[*],[*]NCCCCCCCCCCNC(=O)OCCOC([*])=O
2730,6.5954,2730,[*]CCCCCCOC(=O)NCCCNC(=O)O[*],[*]NCCCNC(=O)OCCCCCCOC([*])=O
2750,6.4326,2750,[*]CC(F)(F)C(F)(F)C(F)(F)COC(=O)NCC(F)(F)C(F)(F)C(F)(F)C(F)(F)CNC(=O)O[*],[*]NCC(F)(F)C(F)(F)C(F)(F)C(F)(F)CNC(=O)OCC(F)(F)C(F)(F)C(F)(F)COC([*])=O
2756,4.5288,2756,[*]CCCCCOC(=O)Nc1ccc(C)c(NC(=O)O[*])c1,[*]NC(=O)OCCCCCOC(=O)Nc1ccc(C)c([*])c1
2757,4.7181,2757,[*]CC1CC1COC(=O)Nc1ccc(C)c(NC(=O)O[*])c1,[*]NC(=O)OCC1CC1COC(=O)Nc1cc([*])ccc1C
2806,6.4401,2806,[*]C(=O)OCC(C)(C)COC(=O)N1CCN([*])CC1,[*]COC(=O)N1CCN(C(=O)OCC([*])(C)C)CC1
2809,4.4894,2809,[*]CC(C)(C)COC(=O)Nc1ccc(NC(=O)O[*])cc1,[*]COC(=O)Nc1ccc(NC(=O)OCC([*])(C)C)cc1
2811,6.4265,2811,[*]C(=O)OCCCCOC(=O)N1CCN([*])CC1,[*]OCCCCOC(=O)N1CCN(C([*])=O)CC1
2818,4.3346,2818,[*]CCOC(=O)Nc1ccc(C(C)(C)c2ccc(NC(=O)O[*])cc2)cc1,[*]c1ccc(NC(=O)OCCOC(=O)Nc2ccc(C([*])(C)C)cc2)cc1
2821,6.2573,2821,[*]C(=O)OC1CCC(OC(=O)N2CCN([*])CC2)CC1,[*]OC1CCC(OC(=O)N2CCN(C([*])=O)CC2)CC1
2843,5.4301,2843,[*]CCCCCOC(=O)NC(=O)C1CC1C(=O)NC(=O)O[*],[*]NC(=O)C1CC1C(=O)NC(=O)OCCCCCOC([*])=O
2903,2.3234,2903,[*]c1ccc(Sc2ccc(-n3c(=O)c4cc5c(=O)n([*])c(=O)c5cc4c3=O)cc2)cc1,[*]c1ccc(Sc2ccc(-n3c(=O)c4cc5c(=O)n([*])c(=O)c5cc4c3=O)cc2)cc1
3220,5.2681,3220,[*]OC(=O)CCCCCCCCCCCCC([*])=O,[*]CCCCCCCCCCCCC(=O)OC([*])=O
3219,3.1295,3219,[*]OC(=O)c1ccc(C([*])=O)cc1,[*]OC(=O)c1ccc(C([*])=O)cc1
3234,6.9495,3234,[*]OC1C(C)(C)C(OC([*])=O)C1(C)C,[*]OC(=O)OC1C(C)(C)C([*])C1(C)C
3297,7.123,3297,[*]CCCCCOC(=O)O[*],[*]OCCCCCOC([*])=O
3322,4.3251,3322,[*]Oc1ccc(OC([*])=O)cc1,[*]Oc1ccc(OC([*])=O)cc1
3369,1.9959,3369,[*]c1cccc(-c2nc3cc4nc([*])c(-c5ccccc5)nc4cc3nc2-c2ccccc2)c1,[*]c1cccc(-c2nc3cc4nc([*])c(-c5ccccc5)nc4cc3nc2-c2ccccc2)c1
3380,6.381,3380,[*]CCCN[*],[*]CCNC[*]
3465,3.1383,3465,[*]Oc1ccc(C(=O)c2ccc([*])cc2)cc1,[*]C(=O)c1ccc(Oc2ccc([*])cc2)cc1
3516,3.7492,3516,[*]CCc1ccc(-c2ccc([*])cc2)cc1,[*]c1ccc(CCc2ccc([*])cc2)cc1
3547,7.4997,3547,[*]CCC1CC([*])C2CCCC12,[*]CCC1CC([*])C2CCCC12
3565,6.7713,3565,[*]C1C2CC(C)C(C2)C1[*],[*]C1C2CC(C)C(C2)C1[*]
3570,7.528,3570,[*]CCC1CC([*])C2C3CC(CC)C(C3)C12,[*]CCC1CC([*])C2C3CC(CC3CC)C12
3571,7.9915,3571,[*]CCC1CCC([*])C1,[*]CC1CCC(C[*])C1
3718,7.9003,3718,[*]CC([*])OC(=O)OCC(F)(F)F,[*]CC([*])OC(=O)OCC(F)(F)F
3731,0.5068,3731,[*]C=C([*])C#N,[*]C=C([*])C#N
3770,0.3906,3770,[*]C=C([*])F,[*]C=C([*])F
3774,7.4859,3774,[*]CCCC([*])C#N,[*]CCCC([*])C#N
3781,5.8652,3781,[*]CC([*])(Cl)C#N,[*]CC([*])(Cl)C#N
3796,5.2738,3796,[*]C=CC(C)(C)CC(C#N)C[*],[*]C=CCC(C#N)CC([*])(C)C
3836,7.4192,3836,[*]CC([*])CO,[*]CC([*])CO
3852,0.5725,3852,[*]C#CC(=C([*])c1cnc2ccccc2c1)c1cnc2ccccc2c1,[*]#CC(=C(C#[*])c1cnc2ccccc2c1)c1cnc2ccccc2c1
3884,5.5315,3884,[*]C=CC1CC([*])C(C#N)(CC)C1,[*]C=CC1CC([*])CC1(C#N)CC
3885,5.8705,3885,[*]C=CC1CC([*])C(C#N)(CCC)C1,[*]C=CC1CC([*])CC1(C#N)CCC
3939,4.7904,3939,[*]C=CC1CC([*])C(C(=O)OCCNC(C)(C)C)C1,[*]C=CC1CC([*])CC1C(=O)OCCNC(C)(C)C
4088,5.7124,4088,[*]CC([*])C(=O)NCCO,[*]CC([*])C(=O)NCCO
4080,5.4071,4080,[*]CC(OCC)C(C#N)(C#N)C([*])(C#N)C(=O)OC,[*]CC(C#N)(C(=O)OC)C(C#N)(C#N)C([*])OCC
4226,5.9976,4226,[*]CC([*])(C)C(=O)OC1(C)CCOC(=O)C1,[*]CC([*])(C)C(=O)OC1(C)CCOC(=O)C1
4286,6.5993,4286,[*]CC([*])(C)C(=O)OCCC1CCCCC1,[*]CC([*])(C)C(=O)OCCC1CCCCC1
4306,5.6407,4306,[*]C1C2CC(C(=O)NCC(O)C(O)C(OC3OC(CO)C(O)C(O)C3O)C(O)CO)C(C2)C1[*],[*]C1C2CC(C(=O)NCC(O)C(O)C(OC3OC(CO)C(O)C(O)C3O)C(O)CO)C(C2)C1[*]
4325,4.2427,4325,[*]CC([*])C(=O)Nc1ccccc1Cl,[*]CC([*])C(=O)Nc1ccccc1Cl
4346,5.3385,4346,[*]CC([*])(C)C(=O)OCC(=O)N1CCCC1,[*]CC([*])(C)C(=O)OCC(=O)N1CCCC1
4458,6.7965,4458,[*]CCCCCCC(Cl)C([*])Cl,[*]CCCCCCC(Cl)C([*])Cl
4464,7.543,4464,[*]C(F)(F)C1(F)C(F)(F)C([*])(F)C(F)(F)C(F)(F)C(F)(F)C1(F)F,[*]C(F)(F)C1(F)C(F)(F)C([*])(F)C(F)(F)C(F)(F)C(F)(F)C1(F)F
4467,6.86,4467,[*]CCCCCCCCC([*])Cl,[*]CCCCCCCCC([*])Cl
4481,4.8262,4481,[*]C1C=C(C([*])(C)C)C2CC=CCC12,[*]C1=CC(C([*])(C)C)C2CC=CCC12
4485,5.6741,4485,[*]C=CC1CC([*])C2CC=CC12,[*]C=CC1CC([*])C2C=CCC12
4499,2.85,4499,[*]c1ccc2c(c1)C(CC(CC)CCCC)(CC(CC)CCCC)c1cc([*])ccc1-2,[*]c1ccc2c(c1)C(CC(CC)CCCC)(CC(CC)CCCC)c1cc([*])ccc1-2
4508,5.7656,4508,[*]C=CC1CC([*])C2C3CCC(C3)C12,[*]=CC1CC(C=[*])C2C3CCC(C3)C12
4622,7.4757,4622,[*]OC1C(CO)OC([*])C(O)C1O,[*]OC1C(CO)OC([*])C(O)C1O
4685,6.6835,4685,[*]ON(C(F)(F)F)C(F)(Cl)C([*])(F)F,[*]OC(F)(F)C(F)(Cl)N([*])C(F)(F)F
4782,9.1214,4782,[*]OC(F)(F)C(F)(F)C([*])(F)F,[*]OC(F)(F)C(F)(F)C([*])(F)F
4793,4.8019,4793,[*]Cc1ccc(CO[*])cc1,[*]COCc1ccc([*])cc1
5381,6.6617,5381,[*]CCOCCOC(=O)O[*],[*]OCCOCCOC([*])=O
5626,6.6786,5626,[*]OC(=O)OC1COC2C([*])COC12,[*]OC1COC2C(OC([*])=O)COC12
5740,8.3878,5740,[*]CCC(O[*])(C(F)(F)F)C(F)(F)F,[*]CCOC([*])(C(F)(F)F)C(F)(F)F
6176,6.1689,6176,[*]OC(=O)OCCCCCCCCCCOC(=O)OC1COC2C([*])COC12,[*]OCCCCCCCCCCOC(=O)OC1COC2C(OC([*])=O)COC12
6177,6.5378,6177,[*]OC(=O)OCCOCCOC(=O)OC1COC2C([*])COC12,[*]OCCOCCOC(=O)OC1COC2C(OC([*])=O)COC12
6478,2.1442,6478,[*]c1ccc(-c2ccc(-c3ccc(-c4ccc([*])n4CCCCCCCCCCCC)s3)s2)s1,[*]c1ccc(-c2ccc(-c3ccc(-c4ccc([*])n4CCCCCCCCCCCC)s3)s2)s1
6613,2.0464,6613,[*]c1cccc(-c2ccc(-c3ccc([*])s3)s2)n1,[*]c1cccc(-c2ccc(-c3ccc([*])s3)s2)n1
6637,1.0894,6637,[*]c1cc(C#N)c([*])s1,[*]c1cc(C#N)c([*])s1
6639,1.224,6639,[*]C=c1ccc(=c2ccc(=Cc3ccc([*])s3)s2)s1,[*]=c1ccc(=Cc2ccc(C=c3ccc(=[*])s3)s2)s1
6700,1.3223,6700,[*]c1cc2c(s1)-c1sc([*])cc1C2CCCCCCN,[*]c1cc2c(s1)-c1sc([*])cc1C2CCCCCCN
6736,1.3327,6736,[*]c1cc(-c2sc(-c3cc(C)c([*])s3)cc2C)c2cccccc1-2,[*]c1cc(-c2sc(-c3cc(C)c([*])s3)cc2C)c2cccccc1-2
6947,6.4679,6947,[*]CCCCCOC(=O)CC(=O)O[*],[*]CC(=O)OCCCCCOC([*])=O
6990,5.8529,6990,[*]OC(CC(C)C)C([*])=O,[*]OC(CC(C)C)C([*])=O
7018,3.0176,7018,[*]Oc1ccc(C2(c3ccc(OC(=O)c4cccc(C([*])=O)c4)c(C)c3)c3ccccc3-c3ccccc32)cc1C,[*]c1ccc(OC(=O)c2cccc(C(=O)Oc3ccc(C4([*])c5ccccc5-c5ccccc54)cc3C)c2)c(C)c1
7155,6.7489,7155,[*]CCC(C)CC(=O)O[*],[*]CCOC(=O)CC([*])C
7340,3.1917,7340,[*]Oc1ccc(OC(=O)c2ccc(C([*])=O)cc2)cc1C1CCCCCCC1,[*]Oc1ccc(OC(=O)c2ccc(C([*])=O)cc2)c(C2CCCCCCC2)c1
7355,5.3661,7355,[*]CCOC(=O)C1C2C=CC(C2)C1C(=O)O[*],[*]OCCOC(=O)C1C2C=CC(C2)C1C([*])=O
7885,2.9894,7885,[*]Nc1ccc(Br)cc1-c1ccc(NC(=O)c2ccc(C([*])=O)cc2)cc1,[*]Nc1ccc(-c2cc(Br)ccc2NC(=O)c2ccc(C([*])=O)cc2)cc1
7055,6.1493,7055,[*]OC(CC([*])=O)C1CO1,[*]CC(OC([*])=O)C1CO1
7076,3.0847,7076,[*]Oc1ccc(-c2ccc(C([*])=O)cc2)cc1,[*]Oc1ccc(-c2ccc(C([*])=O)cc2)cc1
7077,5.5852,7077,[*]OC(CCCCCCC=C)CC([*])=O,[*]CC(=O)OC([*])CCCCCCC=C
7738,2.0738,7738,[*]Nc1ccc(Cc2ccc(NC(=O)c3cc(C([*])=O)cc(N4C(=O)C=CC4=O)c3)cc2)cc1,[*]Nc1ccc(Cc2ccc(NC(=O)c3cc(C([*])=O)cc(N4C(=O)C=CC4=O)c3)cc2)cc1
7994,2.9949,7994,[*]Nc1ccc(NC(=O)c2cc(NC(=O)c3ccncc3)cc(C([*])=O)c2)cc1,[*]C(=O)Nc1ccc(NC(=O)c2cc([*])cc(NC(=O)c3ccncc3)c2)cc1
8401,4.3365,8401,[*]CCCCCNC(=S)N[*],[*]NCCCCCNC([*])=S
9485,5.104,9485,[*]C=CC1CC([*])C2C(=O)N(CCCCCCCCC)C(=O)C12,[*]C=CC1CC([*])C2C(=O)N(CCCCCCCCC)C(=O)C12
10121,4.6838,10121,[*]Oc1c(Cl)cc(C2(c3cc(Cl)c(OC([*])=O)c(Cl)c3)CC3CCC2C3)cc1Cl,[*]Oc1c(Cl)cc(C2(c3cc(Cl)c(OC([*])=O)c(Cl)c3)CC3CCC2C3)cc1Cl
10174,6.0614,10174,[*]OC1CCC(OC(=O)OCCCCCOC([*])=O)CC1,[*]OCCCCCOC(=O)OC1CCC(OC([*])=O)CC1
10175,7.0127,10175,[*]OC1CCC(OC(=O)OCCCCCCOC([*])=O)CC1,[*]OCCCCCCOC(=O)OC1CCC(OC([*])=O)CC1
10187,4.7325,10187,[*]Oc1ccc(C(CC)c2ccc(OC([*])=O)cc2)cc1,[*]c1ccc(OC(=O)Oc2ccc(C([*])CC)cc2)cc1
10290,2.3603,10290,[*]Nc1ccc([*])cc1,[*]Nc1ccc([*])cc1
10343,2.9424,10343,[*]c1cccc([*])n1,[*]c1cccc([*])n1
10559,1.3683,10559,[*]C=Cc1ccc([*])n1CCCCCC,[*]C=Cc1ccc([*])n1CCCCCC
10681,2.05,10681,[*]c1ccc([*])n1CCC(=O)OC(C)C(=O)OCC,[*]c1ccc([*])n1CCC(=O)OC(C)C(=O)OCC
10950,2.5883,10950,[*]C(C#N)=C(c1ccccc1)c1ccc([*])cc1,[*]=C(C#N)c1ccc(C(=[*])c2ccccc2)cc1
11120,5.7714,11120,[*]CC([*])(F)C(=O)OCCC(F)(F)C(F)(F)C(F)(F)C(F)(F)C(F)(F)C(F)(F)C(F)(F)C(F)(F)F,[*]CC([*])(F)C(=O)OCCC(F)(F)C(F)(F)C(F)(F)C(F)(F)C(F)(F)C(F)(F)C(F)(F)C(F)(F)F
11121,7.0615,11121,[*]CC([*])(F)C#N,[*]CC([*])(F)C#N
11129,6.2862,11129,[*]CC([*])(F)C(=O)OCC(F)(F)C(F)(F)C(F)(F)F,[*]CC([*])(F)C(=O)OCC(F)(F)C(F)(F)C(F)(F)F
11152,4.8255,11152,[*]CC(C1=CC=CC=C1)CC(C2=CC=CC=C2)CC(C3=CC=CC=C3)CC(C4=CC=CC=C4)[*],[*]CC(CC(CC(CC([*])c1ccccc1)c1ccccc1)c1ccccc1)c1ccccc1
11157,4.5101,11157,[*]CC(C1=CC=CC=N1)CC(C2=CC=CC=N2)CC(C3=CC=CC=N3)[*],[*]CC(CC(CC([*])c1ccccn1)c1ccccn1)c1ccccn1
11167,2.0606,11167,[*]C(C=C1)=CC=C1C(S2)=CC=C2C(C=C3)=CC=C3C(S4)=CC=C4[*],[*]c1ccc(-c2ccc(-c3ccc(-c4ccc([*])s4)cc3)s2)cc1
11158,0.75,11158,[*]C(S1)=CC=C1C(S2)=CC=C2C(S3)=CC=C3C(=S)[*],[*]C(=S)c1ccc(-c2ccc(-c3ccc([*])s3)s2)s1
11153,0.9894,11153,[*]C(S1)=CC=C1C(S2)=CC=C2[*],[*]c1ccc(-c2ccc([*])s2)s1
11159,1.8638,11159,[*]C(S1)=CC=C1C(S2)=CC=C2C(S3)=CC=C3O[*],[*]Oc1ccc(-c2ccc(-c3ccc([*])s3)s2)s1
11154,2.5367,11154,[*]C(OC1=C2)=NC1=CC=C2C(=NC3=C4)OC3=CC=C4[*],[*]c1ccc2nc(-c3ccc4oc([*])nc4c3)oc2c1
11160,1.9834,11160,[*]C(S1)=CC=C1C(S2)=CC=C2OC(=S)[*],[*]Oc1ccc(-c2ccc(C([*])=S)s2)s1
11161,2.3041,11161,[*]C(S1)=CC=C1C(=S)C(S2)=CC=C2O[*],[*]C(=S)c1ccc(Oc2ccc([*])s2)s1
11162,1.7517,11162,[*]C(S1)=CC=C1C(=S)OC(=S)[*],[*]OC(=S)c1ccc(C([*])=S)s1
11155,2.5648,11155,[*]CC(C=C1)=CC=C1C[*],[*]CCc1ccc([*])cc1
11163,4.047,11163,[*]C(S1)=CC=C1OC(S2)=CC=C2O[*],[*]Oc1ccc(Oc2ccc([*])s2)s1
11156,6.5329,11156,[*]CCCOC(=O)CCCCCCCCOC(=O)CCCOC(=O)CCCCCCCCOC(=O)[*],[*]CCCCCCCCOC(=O)CCCOC(=O)CCCCCCCCOC(=O)CCCOC([*])=O
11164,3.0437,11164,[*]C(S1)=CC=C1OC(=S)O[*],[*]Oc1ccc(OC([*])=S)s1
11165,1.1128,11165,[*]C(C=C1)=CC=C1C(S2)=CC=C2C(S3)=CC=C3C(S4)=CC=C4[*],[*]c1ccc(-c2ccc(-c3ccc(-c4ccc([*])s4)s3)s2)cc1
11166,1.9403,11166,[*]C(C=C1)=CC=C1C(S2)=CC=C2C(S3)=CC=C3O[*],[*]c1ccc(Oc2ccc(-c3ccc([*])s3)s2)cc1
11168,1.8996,11168,[*]C(C=C1)=CC=C1C(S2)=CC=C2C(C=C3)=CC=C3C(=S)[*],[*]C(=S)c1ccc(-c2ccc(-c3ccc([*])cc3)s2)cc1
11169,2.1724,11169,[*]C(C=C1)=CC=C1C(S2)=CC=C2C(C=C3)=CC=C3O[*],[*]c1ccc(Oc2ccc(-c3ccc([*])s3)cc2)cc1
11170,1.0659,11170,[*]C(C=C1)=CC=C1C(S2)=CC=C2C(=S)C(S3)=CC=C3[*],[*]C(=S)c1ccc(-c2ccc(-c3ccc([*])s3)cc2)s1
11172,2.3094,11172,[*]C(C=C1)=CC=C1C(S2)=CC=C2OC(=S)[*],[*]Oc1ccc(-c2ccc(C([*])=S)cc2)s1
11171,2.1882,11171,[*]C(C=C1)=CC=C1C(S2)=CC=C2OC(S3)=CC=C3[*],[*]c1ccc(-c2ccc(Oc3ccc([*])s3)s2)cc1
11173,2.397,11173,[*]C(C=C1)=CC=C1C(C=C2)=CC=C2C(S3)=CC=C3O[*],[*]c1ccc(Oc2ccc(-c3ccc([*])cc3)s2)cc1
11174,1.8601,11174,[*]C(C=C1)=CC=C1C(C=C2)=CC=C2C(C=C3)=CC=C3C(S4)=CC=C4[*],[*]c1ccc(-c2ccc(-c3ccc(-c4ccc([*])cc4)s3)cc2)cc1
11186,2.0472,11186,[*]C(C=C1)=CC=C1OC(=S)C(S2)=CC=C2[*],[*]Oc1ccc(-c2ccc(C([*])=S)s2)cc1
11175,2.5835,11175,[*]C(C=C1)=CC=C1C(C=C2)=CC=C2C(C=C3)=CC=C3C(C=C4)=CC=C4[*],[*]c1ccc(-c2ccc(-c3ccc(-c4ccc([*])cc4)cc3)cc2)cc1
11176,1.6353,11176,[*]C(C=C1)=CC=C1C(C=C2)=CC=C2C(C=C3)=CC=C3C(=S)[*],[*]C(=S)c1ccc(-c2ccc(-c3ccc([*])cc3)cc2)cc1
11187,3.9415,11187,[*]C(C=C1)=CC=C1OC(=S)O[*],[*]Oc1ccc(OC([*])=S)cc1
11177,3.3861,11177,[*]C(C=C1)=CC=C1C(C=C2)=CC=C2C(C=C3)=CC=C3O[*],[*]c1ccc(Oc2ccc(-c3ccc([*])cc3)cc2)cc1
11178,2.8665,11178,[*]C(C=C1)=CC=C1C(C=C2)=CC=C2C(=S)O[*],[*]Oc1ccc(-c2ccc(C([*])=S)cc2)cc1
11179,1.1979,11179,[*]C(C=C1)=CC=C1C(=S)C(S2)=CC=C2C(=S)[*],[*]C(=S)c1ccc(C(=S)c2ccc([*])cc2)s1
11188,2.1001,11188,[*]CC(S1)=CC=C1C(S2)=CC=C2C(S3)=CC=C3[*],[*]Cc1ccc(-c2ccc(-c3ccc([*])s3)s2)s1
11180,2.4038,11180,[*]C(C=C1)=CC=C1C(=S)C(S2)=CC=C2O[*],[*]C(=S)c1ccc(Oc2ccc([*])cc2)s1
11181,1.8035,11181,[*]C(C=C1)=CC=C1C(=S)C(C=C2)=CC=C2C(=S)[*],[*]C(=S)c1ccc(C(=S)c2ccc([*])cc2)cc1
11189,1.7203,11189,[*]CC(S1)=CC=C1C(S2)=CC=C2C(=S)[*],[*]Cc1ccc(-c2ccc(C([*])=S)s2)s1
11182,1.7412,11182,[*]C(C=C1)=CC=C1C(=S)C(C=C2)=CC=C2O[*],[*]C(=S)c1ccc(Oc2ccc([*])cc2)cc1
11190,2.9968,11190,[*]CC(S1)=CC=C1C(S2)=CC=C2O[*],[*]COc1ccc(-c2ccc([*])s2)s1
11183,2.364,11183,[*]C(C=C1)=CC=C1C(=S)OC(=S)[*],[*]OC(=S)c1ccc(C([*])=S)cc1
11184,4.0372,11184,[*]C(C=C1)=CC=C1OC(S2)=CC=C2O[*],[*]Oc1ccc(Oc2ccc([*])cc2)s1
11191,2.512,11191,[*]CC(S1)=CC=C1C(C=C2)=CC=C2C(S3)=CC=C3[*],[*]c1ccc(-c2ccc(Cc3ccc([*])s3)s2)cc1
11185,3.6966,11185,[*]C(C=C1)=CC=C1OC(C=C2)=CC=C2O[*],[*]Oc1ccc(Oc2ccc([*])cc2)cc1
11192,1.9959,11192,[*]CC(S1)=CC=C1C(C=C2)=CC=C2C(=S)[*],[*]Cc1ccc(-c2ccc(C([*])=S)cc2)s1
11193,2.9246,11193,[*]CC(S1)=CC=C1C(C=C2)=CC=C2O[*],[*]c1ccc(OCc2ccc([*])s2)cc1
11194,4.1954,11194,[*]CC(S1)=CC=C1CC(S2)=CC=C2[*],[*]Cc1ccc(Cc2ccc([*])s2)s1
11195,2.5553,11195,[*]CC(S1)=CC=C1CC(=S)[*],[*]Cc1ccc(CC([*])=S)s1
11199,2.2961,11199,[*]CC(S1)=CC=C1C(=S)C(S2)=CC=C2[*],[*]C(=S)c1ccc(Cc2ccc([*])s2)s1
11200,2.676,11200,[*]CC(S1)=CC=C1C(=S)O[*],[*]OCc1ccc(C([*])=S)s1
11201,3.6624,11201,[*]CC(S1)=CC=C1NC(S2)=CC=C2[*],[*]Cc1ccc(Nc2ccc([*])s2)s1
11202,2.8469,11202,[*]CC(S1)=CC=C1NC(=S)[*],[*]Cc1ccc(NC([*])=S)s1
11203,3.8409,11203,[*]CC(S1)=CC=C1NO[*],[*]CONc1ccc([*])s1
11204,4.26,11204,[*]CC(S1)=CC=C1OC(S2)=CC=C2[*],[*]Cc1ccc(Oc2ccc([*])s2)s1
11205,3.0541,11205,[*]CC(S1)=CC=C1OC(=S)[*],[*]Cc1ccc(OC([*])=S)s1
11206,2.8214,11206,[*]CC(C=C1)=CC=C1C(S2)=CC=C2C(S3)=CC=C3[*],[*]c1ccc(Cc2ccc(-c3ccc([*])s3)s2)cc1
11207,2.7314,11207,[*]CC(C=C1)=CC=C1C(S2)=CC=C2C(C=C3)=CC=C3[*],[*]c1ccc(Cc2ccc(-c3ccc([*])s3)cc2)cc1
11196,2.7131,11196,[*]CC(S1)=CC=C1C(=O)C(S2)=CC=C2[*],[*]C(=O)c1ccc(Cc2ccc([*])s2)s1
11208,1.9323,11208,[*]CC(C=C1)=CC=C1C(S2)=CC=C2C(=S)[*],[*]Cc1ccc(-c2ccc(C([*])=S)s2)cc1
11209,2.8951,11209,[*]CC(C=C1)=CC=C1C(C=C2)=CC=C2C(S3)=CC=C3[*],[*]c1ccc(Cc2ccc(-c3ccc([*])cc3)s2)cc1
11210,3.4166,11210,[*]CC(C=C1)=CC=C1C(C=C2)=CC=C2C(C=C3)=CC=C3[*],[*]c1ccc(Cc2ccc(-c3ccc([*])cc3)cc2)cc1
11211,2.5561,11211,[*]CC(C=C1)=CC=C1C(C=C2)=CC=C2C(=S)[*],[*]Cc1ccc(-c2ccc(C([*])=S)cc2)cc1
11197,2.693,11197,[*]CC(S1)=CC=C1C(=O)C(=S)[*],[*]C(=O)c1ccc(CC([*])=S)s1
11198,3.78,11198,[*]CC(S1)=CC=C1C(=O)O[*],[*]OCc1ccc(C([*])=O)s1
11225,4.426,11225,[*]CC(C=C1)=CC=C1NO[*],[*]NOCc1ccc([*])cc1
11212,3.7323,11212,[*]CC(C=C1)=CC=C1C(C=C2)=CC=C2O[*],[*]c1ccc(COc2ccc([*])cc2)cc1
11213,4.0831,11213,[*]CC(C=C1)=CC=C1CC(S2)=CC=C2[*],[*]Cc1ccc(Cc2ccc([*])cc2)s1
11226,4.0475,11226,[*]CC(C=C1)=CC=C1OC(S2)=CC=C2[*],[*]Oc1ccc(Cc2ccc([*])cc2)s1
11214,4.2049,11214,[*]CC(C=C1)=CC=C1CC(C=C2)=CC=C2[*],[*]Cc1ccc(Cc2ccc([*])cc2)cc1
11215,2.9253,11215,[*]CC(C=C1)=CC=C1CC(=S)[*],[*]Cc1ccc(CC([*])=S)cc1
11227,3.7121,11227,[*]CC(C=C1)=CC=C1OC(=S)[*],[*]Cc1ccc(OC([*])=S)cc1
11228,2.7315,11228,[*]CCC(S1)=CC=C1C(S2)=CC=C2[*],[*]CCc1ccc(-c2ccc([*])s2)s1
11216,3.4106,11216,[*]CC(C=C1)=CC=C1C(=O)C(S2)=CC=C2[*],[*]C(=O)c1ccc(Cc2ccc([*])cc2)s1
11229,2.295,11229,[*]CCC(S1)=CC=C1C(=S)[*],[*]CCc1ccc(C([*])=S)s1
11217,3.8451,11217,[*]CC(C=C1)=CC=C1C(=O)C(C=C2)=CC=C2[*],[*]C(=O)c1ccc(Cc2ccc([*])cc2)cc1
11230,4.1608,11230,[*]CCC(S1)=CC=C1O[*],[*]CCOc1ccc([*])s1
11218,2.5816,11218,[*]CC(C=C1)=CC=C1C(=O)C(=S)[*],[*]C(=O)c1ccc(CC([*])=S)cc1
11219,2.5143,11219,[*]CC(C=C1)=CC=C1C(=S)C(S2)=CC=C2[*],[*]C(=S)c1ccc(Cc2ccc([*])cc2)s1
11231,2.9495,11231,[*]CCC(C=C1)=CC=C1C(S2)=CC=C2[*],[*]c1ccc(CCc2ccc([*])s2)cc1
11220,2.3058,11220,[*]CC(C=C1)=CC=C1C(=S)C(C=C2)=CC=C2[*],[*]C(=S)c1ccc(Cc2ccc([*])cc2)cc1
11232,2.7697,11232,[*]CCC(C=C1)=CC=C1C(=S)[*],[*]CCc1ccc(C([*])=S)cc1
11221,3.1473,11221,[*]CC(C=C1)=CC=C1C(=S)O[*],[*]OCc1ccc(C([*])=S)cc1
11222,3.5013,11222,[*]CC(C=C1)=CC=C1NC(S2)=CC=C2[*],[*]Nc1ccc(Cc2ccc([*])cc2)s1
11233,4.052,11233,[*]CCC(C=C1)=CC=C1O[*],[*]OCCc1ccc([*])cc1
11223,3.7655,11223,[*]CC(C=C1)=CC=C1NC(C=C2)=CC=C2[*],[*]Nc1ccc(Cc2ccc([*])cc2)cc1
11234,4.2755,11234,[*]CCCC(S1)=CC=C1[*],[*]CCCc1ccc([*])s1
11224,3.5265,11224,[*]CC(C=C1)=CC=C1NC(=S)[*],[*]Cc1ccc(NC([*])=S)cc1
11235,4.7657,11235,[*]CCCC(C=C1)=CC=C1[*],[*]CCCc1ccc([*])cc1
11236,5.13,11236,[*]CCCC(=O)[*],[*]CCCC([*])=O
11237,2.9464,11237,[*]CCCC(=S)[*],[*]CCCC([*])=S
11250,3.1722,11250,[*]CC(=O)C(S1)=CC=C1O[*],[*]COc1ccc(C([*])=O)s1
11238,3.1093,11238,[*]CCC(=O)C(S1)=CC=C1[*],[*]CCc1ccc(C([*])=O)s1
11239,3.6964,11239,[*]CCC(=O)C(C=C1)=CC=C1[*],[*]CCc1ccc(C([*])=O)cc1
11240,1.8131,11240,[*]CCC(=O)C(=S)[*],[*]CCC(=S)C([*])=O
11251,2.5243,11251,[*]CC(=O)C(C=C1)=CC=C1C(S2)=CC=C2[*],[*]Cc1ccc(-c2ccc(C([*])=O)cc2)s1
11241,3.8308,11241,[*]CCC(=S)O[*],[*]CCOC([*])=S
11242,3.793,11242,[*]CCNC(S1)=CC=C1[*],[*]CCNc1ccc([*])s1
11252,3.0649,11252,[*]CC(=O)C(C=C1)=CC=C1C(C=C2)=CC=C2[*],[*]Cc1ccc(-c2ccc(C([*])=O)cc2)cc1
11243,3.689,11243,[*]CCNC(C=C1)=CC=C1[*],[*]NCCc1ccc([*])cc1
11253,2.9172,11253,[*]CC(=O)C(C=C1)=CC=C1C(=O)[*],[*]CC(=O)c1ccc(C([*])=O)cc1
11244,3.6727,11244,[*]CCNC(=S)[*],[*]CCNC([*])=S
11254,2.4669,11254,[*]CC(=O)C(C=C1)=CC=C1C(=S)[*],[*]CC(=S)c1ccc(C([*])=O)cc1
11245,5.7904,11245,[*]CCON[*],[*]CNOC[*]
11246,2.3893,11246,[*]CC(=O)C(S1)=CC=C1C(S2)=CC=C2[*],[*]Cc1ccc(-c2ccc(C([*])=O)s2)s1
11255,3.8893,11255,[*]CC(=O)C(C=C1)=CC=C1O[*],[*]COc1ccc(C([*])=O)cc1
11247,2.5123,11247,[*]CC(=O)C(S1)=CC=C1C(C=C2)=CC=C2[*],[*]Cc1ccc(-c2ccc(C([*])=O)s2)cc1
11256,3.7852,11256,[*]CC(=O)CC(S1)=CC=C1[*],[*]Cc1ccc(CC([*])=O)s1
11248,2.9786,11248,[*]CC(=O)C(S1)=CC=C1C(=O)[*],[*]CC(=O)c1ccc(C([*])=O)s1
11257,3.781,11257,[*]CC(=O)CC(C=C1)=CC=C1[*],[*]Cc1ccc(CC([*])=O)cc1
11249,2.3542,11249,[*]CC(=O)C(S1)=CC=C1C(=S)[*],[*]CC(=S)c1ccc(C([*])=O)s1
11258,4.6959,11258,[*]CC(=O)CC(=O)[*],[*]CC(=O)CC([*])=O
11263,1.4812,11263,[*]CC(=O)C(=S)C(=O)[*],[*]CC(=O)C(=S)C([*])=O
11264,2.0217,11264,[*]CC(=O)C(=S)O[*],[*]COC(=S)C([*])=O
11259,3.1252,11259,[*]CC(=O)CC(=S)[*],[*]CC(=S)CC([*])=O
11265,3.9328,11265,[*]CC(=O)NC(S1)=CC=C1[*],[*]Cc1ccc(NC([*])=O)s1
11260,4.6507,11260,[*]CC(=O)CO[*],[*]COCC([*])=O
11266,3.7951,11266,[*]CC(=O)NC(C=C1)=CC=C1[*],[*]Cc1ccc(NC([*])=O)cc1
11261,2.1804,11261,[*]CC(=O)C(=S)C(S1)=CC=C1[*],[*]Cc1ccc(C(=S)C([*])=O)s1
11267,4.8368,11267,[*]CC(=O)NC(=O)[*],[*]CC(=O)NC([*])=O
11268,3.0348,11268,[*]CC(=O)NC(=S)[*],[*]CC(=S)NC([*])=O
11262,2.4428,11262,[*]CC(=O)C(=S)C(C=C1)=CC=C1[*],[*]Cc1ccc(C(=S)C([*])=O)cc1
11276,2.3706,11276,[*]CC(=S)C(C=C1)=CC=C1O[*],[*]COc1ccc(C([*])=S)cc1
11269,4.2025,11269,[*]CC(=O)OC(S1)=CC=C1[*],[*]Cc1ccc(OC([*])=O)s1
11270,5.9215,11270,[*]CC(=O)OC(=O)[*],[*]CC(=O)OC([*])=O
11271,3.73,11271,[*]CC(=O)OC(=S)[*],[*]CC(=S)OC([*])=O
11272,1.6797,11272,[*]CC(=S)C(S1)=CC=C1C(=S)[*],[*]CC(=S)c1ccc(C([*])=S)s1
11273,1.6344,11273,[*]CC(=S)C(S1)=CC=C1O[*],[*]COc1ccc(C([*])=S)s1
11274,1.4834,11274,[*]CC(=S)C(C=C1)=CC=C1C(=S)[*],[*]CC(=S)c1ccc(C([*])=S)cc1
11275,2.1148,11275,[*]CC(=S)C(C=C1)=CC=C1N[*],[*]CNc1ccc(C([*])=S)cc1
11277,2.5638,11277,[*]CC(=S)CC(=S)[*],[*]CC(=S)CC([*])=S
11278,2.5314,11278,[*]CC(=S)CO[*],[*]COCC([*])=S
11290,3.1969,11290,[*]CNC(C=C1)=CC=C1C(=O)[*],[*]CNc1ccc(C([*])=O)cc1
11279,0.725,11279,[*]CC(=S)C(=O)C(=S)[*],[*]C(=O)C(=S)CC([*])=S
11291,3.4981,11291,[*]CNC(C=C1)=CC=C1N[*],[*]NCNc1ccc([*])cc1
11292,3.7495,11292,[*]CNC(C=C1)=CC=C1O[*],[*]OCNc1ccc([*])cc1
11280,2.0697,11280,[*]CC(=S)C(=O)O[*],[*]OCC(=S)C([*])=O
11293,4.1265,11293,[*]CNCC(S1)=CC=C1[*],[*]CNCc1ccc([*])s1
11281,1.7598,11281,[*]CC(=S)NC(=S)[*],[*]CC(=S)NC([*])=S
11282,3.2554,11282,[*]CC(=S)NO[*],[*]CONC([*])=S
11294,4.4323,11294,[*]CNCC(C=C1)=CC=C1[*],[*]CNCc1ccc([*])cc1
11283,2.7744,11283,[*]CC(=S)OC(=S)[*],[*]CC(=S)OC([*])=S
11295,3.6121,11295,[*]CNCC(=O)[*],[*]CNCC([*])=O
11284,3.3441,11284,[*]CNC(S1)=CC=C1C(C=C2)=CC=C2[*],[*]c1ccc(CNc2ccc([*])s2)cc1
11296,2.6614,11296,[*]CNCC(=S)[*],[*]CNCC([*])=S
11297,6.2293,11297,[*]CNCN[*],[*]CN[*]
11285,2.5818,11285,[*]CNC(S1)=CC=C1C(=O)[*],[*]CNc1ccc(C([*])=O)s1
11298,6.9282,11298,[*]CNCO[*],[*]COCN[*]
11286,1.6806,11286,[*]CNC(S1)=CC=C1C(=S)[*],[*]CNc1ccc(C([*])=S)s1
11299,3.849,11299,[*]CNC(=O)C(S1)=CC=C1[*],[*]NCc1ccc(C([*])=O)s1
11300,2.3654,11300,[*]CNC(=O)C(=S)[*],[*]NCC(=S)C([*])=O
11287,3.5157,11287,[*]CNC(S1)=CC=C1N[*],[*]NCNc1ccc([*])s1
11301,2.7289,11301,[*]CNC(=S)C(S1)=CC=C1[*],[*]NCc1ccc(C([*])=S)s1
11288,3.6125,11288,[*]CNC(S1)=CC=C1O[*],[*]NCOc1ccc([*])s1
11302,3.1832,11302,[*]CNC(=S)C(C=C1)=CC=C1[*],[*]NCc1ccc(C([*])=S)cc1
11289,3.1255,11289,[*]CNC(C=C1)=CC=C1C(S2)=CC=C2[*],[*]c1ccc(NCc2ccc([*])s2)cc1
11303,2.1003,11303,[*]CNC(=S)C(=O)[*],[*]CNC(=S)C([*])=O
11304,3.9125,11304,[*]CNC(=S)N[*],[*]NCNC([*])=S
11316,5.9349,11316,[*]CONO[*],[*]CONO[*]
11305,4.2201,11305,[*]CNC(=S)O[*],[*]NCOC([*])=S
11306,4.0591,11306,[*]CNOC(S1)=CC=C1[*],[*]CNOc1ccc([*])s1
11317,1.2608,11317,[*]C(=O)C(S1)=CC=C1C(S2)=CC=C2C(S3)=CC=C3[*],[*]C(=O)c1ccc(-c2ccc(-c3ccc([*])s3)s2)s1
11307,4.1647,11307,[*]CNOC(C=C1)=CC=C1[*],[*]ONCc1ccc([*])cc1
11308,3.5947,11308,[*]CNOC(=S)[*],[*]CNOC([*])=S
11318,1.6466,11318,[*]C(=O)C(S1)=CC=C1C(S2)=CC=C2C(=S)[*],[*]C(=O)c1ccc(-c2ccc(C([*])=S)s2)s1
11309,4.8889,11309,[*]CNON[*],[*]CNON[*]
11319,2.3145,11319,[*]C(=O)C(S1)=CC=C1C(S2)=CC=C2O[*],[*]Oc1ccc(-c2ccc(C([*])=O)s2)s1
11310,3.0939,11310,[*]COC(S1)=CC=C1C(C=C2)=CC=C2[*],[*]c1ccc(COc2ccc([*])s2)cc1
11311,4.3601,11311,[*]COC(S1)=CC=C1O[*],[*]OCOc1ccc([*])s1
11320,1.5224,11320,[*]C(=O)C(S1)=CC=C1C(C=C2)=CC=C2C(S3)=CC=C3[*],[*]C(=O)c1ccc(-c2ccc(-c3ccc([*])s3)cc2)s1
11312,4.685,11312,[*]COC(C=C1)=CC=C1O[*],[*]OCOc1ccc([*])cc1
11321,1.9265,11321,[*]C(=O)C(S1)=CC=C1C(C=C2)=CC=C2C(=S)[*],[*]C(=O)c1ccc(-c2ccc(C([*])=S)cc2)s1
11313,7.1042,11313,[*]COC(=O)O[*],[*]OCOC([*])=O
11314,3.6556,11314,[*]COC(=S)O[*],[*]OCOC([*])=S
11322,2.0204,11322,[*]C(=O)C(S1)=CC=C1C(C=C2)=CC=C2O[*],[*]Oc1ccc(-c2ccc(C([*])=O)s2)cc1
11315,5.5012,11315,[*]CONC(=O)[*],[*]CONC([*])=O
11323,1.863,11323,[*]C(=O)C(S1)=CC=C1C(=O)C(S2)=CC=C2[*],[*]C(=O)c1ccc(C(=O)c2ccc([*])s2)s1
11324,1.1902,11324,[*]C(=O)C(S1)=CC=C1C(=O)C(=S)[*],[*]C(=O)c1ccc(C(=O)C([*])=S)s1
11325,3.202,11325,[*]C(=O)C(S1)=CC=C1C(=O)O[*],[*]OC(=O)c1ccc(C([*])=O)s1
11326,2.3663,11326,[*]C(=O)C(S1)=CC=C1C(=S)O[*],[*]OC(=S)c1ccc(C([*])=O)s1
11328,1.6701,11328,[*]C(=O)C(S1)=CC=C1OC(=S)[*],[*]C(=O)c1ccc(OC([*])=S)s1
11327,2.4838,11327,[*]C(=O)C(S1)=CC=C1OC(S2)=CC=C2[*],[*]C(=O)c1ccc(Oc2ccc([*])s2)s1
11329,1.7624,11329,[*]C(=O)C(C=C1)=CC=C1C(S2)=CC=C2C(C=C3)=CC=C3[*],[*]C(=O)c1ccc(-c2ccc(-c3ccc([*])cc3)s2)cc1
11330,2.7538,11330,[*]C(=O)C(C=C1)=CC=C1C(S2)=CC=C2O[*],[*]Oc1ccc(-c2ccc(C([*])=O)cc2)s1
11331,2.5479,11331,[*]C(=O)C(C=C1)=CC=C1C(C=C2)=CC=C2C(C=C3)=CC=C3[*],[*]C(=O)c1ccc(-c2ccc(-c3ccc([*])cc3)cc2)cc1
11332,2.0643,11332,[*]C(=O)C(C=C1)=CC=C1C(C=C2)=CC=C2C(=S)[*],[*]C(=O)c1ccc(-c2ccc(C([*])=S)cc2)cc1
11333,2.4807,11333,[*]C(=O)C(C=C1)=CC=C1C(=O)C(S2)=CC=C2[*],[*]C(=O)c1ccc(C(=O)c2ccc([*])cc2)s1
11334,2.9556,11334,[*]C(=O)C(C=C1)=CC=C1C(=O)C(C=C2)=CC=C2[*],[*]C(=O)c1ccc(C(=O)c2ccc([*])cc2)cc1
11335,1.6753,11335,[*]C(=O)C(C=C1)=CC=C1C(=O)C(=S)[*],[*]C(=O)c1ccc(C(=O)C([*])=S)cc1
11336,2.5144,11336,[*]C(=O)C(C=C1)=CC=C1C(=S)O[*],[*]OC(=S)c1ccc(C([*])=O)cc1
11337,3.0776,11337,[*]C(=O)C(C=C1)=CC=C1OC(S2)=CC=C2[*],[*]C(=O)c1ccc(Oc2ccc([*])cc2)s1
11338,2.0547,11338,[*]C(=O)C(C=C1)=CC=C1OC(=S)[*],[*]C(=O)c1ccc(OC([*])=S)cc1
11339,1.4146,11339,[*]C(=O)C(=S)OC(=S)[*],[*]C(=O)C(=S)OC([*])=S
11340,1.9856,11340,[*]C(=O)OC(S1)=CC=C1C(=S)[*],[*]Oc1ccc(C(=S)C([*])=O)s1
11341,3.6706,11341,[*]C(=O)OC(S1)=CC=C1O[*],[*]Oc1ccc(OC([*])=O)s1
11342,2.3448,11342,[*]C(=O)OC(C=C1)=CC=C1C(=S)[*],[*]Oc1ccc(C(=S)C([*])=O)cc1
11343,5.926,11343,[*]C(=O)OC(=O)O[*],[*]OC(=O)OC([*])=O
11344,3.9378,11344,[*]C(=O)OC(=S)O[*],[*]OC(=S)OC([*])=O
11345,1.5003,11345,[*]NC(S1)=CC=C1C(S2)=CC=C2C(S3)=CC=C3[*],[*]Nc1ccc(-c2ccc(-c3ccc([*])s3)s2)s1
11346,2.8559,11346,[*]NC(S1)=CC=C1C(S2)=CC=C2C[*],[*]CNc1ccc(-c2ccc([*])s2)s1
11347,1.9451,11347,[*]NC(S1)=CC=C1C(S2)=CC=C2C(=O)[*],[*]Nc1ccc(-c2ccc(C([*])=O)s2)s1
11348,1.9074,11348,[*]NC(S1)=CC=C1C(S2)=CC=C2C(=S)[*],[*]Nc1ccc(-c2ccc(C([*])=S)s2)s1
11349,1.6397,11349,[*]NC(S1)=CC=C1C(C=C2)=CC=C2C(S3)=CC=C3[*],[*]c1ccc(-c2ccc(Nc3ccc([*])s3)s2)cc1
11350,2.3796,11350,[*]NC(S1)=CC=C1C(C=C2)=CC=C2C(=S)[*],[*]Nc1ccc(-c2ccc(C([*])=S)cc2)s1
11351,1.7108,11351,[*]NC(S1)=CC=C1C(=O)C(S2)=CC=C2[*],[*]C(=O)c1ccc(Nc2ccc([*])s2)s1
11352,1.4251,11352,[*]NC(S1)=CC=C1C(=O)C(=S)[*],[*]C(=O)c1ccc(NC([*])=S)s1
11353,1.9993,11353,[*]NC(S1)=CC=C1C(=S)C(S2)=CC=C2[*],[*]C(=S)c1ccc(Nc2ccc([*])s2)s1
11354,1.7781,11354,[*]NC(S1)=CC=C1C(=S)C(C=C2)=CC=C2[*],[*]C(=S)c1ccc(Nc2ccc([*])cc2)s1
11355,3.4208,11355,[*]NC(S1)=CC=C1NC(S2)=CC=C2[*],[*]Nc1ccc(Nc2ccc([*])s2)s1
11356,2.1538,11356,[*]NC(S1)=CC=C1NC(=S)[*],[*]Nc1ccc(NC([*])=S)s1
11357,3.9124,11357,[*]NC(S1)=CC=C1OC(S2)=CC=C2[*],[*]Nc1ccc(Oc2ccc([*])s2)s1
11358,2.6588,11358,[*]NC(S1)=CC=C1OC(=S)[*],[*]Nc1ccc(OC([*])=S)s1
11359,2.587,11359,[*]NC(C=C1)=CC=C1C(S2)=CC=C2C(S3)=CC=C3[*],[*]c1ccc(Nc2ccc(-c3ccc([*])s3)s2)cc1
11360,1.8163,11360,[*]NC(C=C1)=CC=C1C(S2)=CC=C2C(C=C3)=CC=C3[*],[*]c1ccc(Nc2ccc(-c3ccc([*])s3)cc2)cc1
11361,1.4764,11361,[*]NC(C=C1)=CC=C1C(S2)=CC=C2C(=S)[*],[*]Nc1ccc(-c2ccc(C([*])=S)s2)cc1
11362,1.8733,11362,[*]NC(C=C1)=CC=C1C(C=C2)=CC=C2C(S3)=CC=C3[*],[*]c1ccc(Nc2ccc(-c3ccc([*])cc3)s2)cc1
11367,2.3459,11367,[*]NC(C=C1)=CC=C1C(=O)C(S2)=CC=C2[*],[*]C(=O)c1ccc(Nc2ccc([*])cc2)s1
11363,2.9094,11363,[*]NC(C=C1)=CC=C1C(C=C2)=CC=C2C(C=C3)=CC=C3[*],[*]c1ccc(Nc2ccc(-c3ccc([*])cc3)cc2)cc1
11364,3.4971,11364,[*]NC(C=C1)=CC=C1C(C=C2)=CC=C2C[*],[*]c1ccc(CNc2ccc([*])cc2)cc1
11365,2.3255,11365,[*]NC(C=C1)=CC=C1C(C=C2)=CC=C2C(=S)[*],[*]Nc1ccc(-c2ccc(C([*])=S)cc2)cc1
11366,3.4585,11366,[*]NC(C=C1)=CC=C1C(C=C2)=CC=C2O[*],[*]c1ccc(NOc2ccc([*])cc2)cc1
11368,1.7009,11368,[*]NC(C=C1)=CC=C1C(=O)C(=S)[*],[*]C(=O)c1ccc(NC([*])=S)cc1
11369,3.977,11369,[*]NC(C=C1)=CC=C1C(=O)O[*],[*]ONc1ccc(C([*])=O)cc1
11370,1.8785,11370,[*]NC(C=C1)=CC=C1C(=S)C(C=C2)=CC=C2[*],[*]C(=S)c1ccc(Nc2ccc([*])cc2)cc1
11380,1.9266,11380,[*]NC(=O)C(C=C1)=CC=C1C(S2)=CC=C2[*],[*]Nc1ccc(-c2ccc(C([*])=O)cc2)s1
11381,2.6675,11381,[*]NC(=O)C(C=C1)=CC=C1C(C=C2)=CC=C2[*],[*]Nc1ccc(-c2ccc(C([*])=O)cc2)cc1
11371,2.8374,11371,[*]NC(C=C1)=CC=C1NC(S2)=CC=C2[*],[*]Nc1ccc(Nc2ccc([*])cc2)s1
11382,2.4238,11382,[*]NC(=O)C(C=C1)=CC=C1C(=S)[*],[*]NC(=S)c1ccc(C([*])=O)cc1
11372,3.6275,11372,[*]NC(C=C1)=CC=C1NO[*],[*]NONc1ccc([*])cc1
11383,3.6086,11383,[*]NC(=O)C(C=C1)=CC=C1O[*],[*]NOc1ccc(C([*])=O)cc1
11384,0.9512,11384,[*]NC(=O)C(=S)C(S1)=CC=C1[*],[*]Nc1ccc(C(=S)C([*])=O)s1
11385,1.5619,11385,[*]NC(=O)C(=S)C(C=C1)=CC=C1[*],[*]Nc1ccc(C(=S)C([*])=O)cc1
11373,3.4138,11373,[*]NC(C=C1)=CC=C1OC(S2)=CC=C2[*],[*]Oc1ccc(Nc2ccc([*])cc2)s1
11386,1.4363,11386,[*]NC(=O)C(=S)C(=O)[*],[*]NC(=O)C(=S)C([*])=O
11374,3.2074,11374,[*]NC(C=C1)=CC=C1OC(C=C2)=CC=C2[*],[*]Oc1ccc(Nc2ccc([*])cc2)cc1
11387,2.095,11387,[*]NC(=O)C(=S)O[*],[*]NOC(=S)C([*])=O
11375,3.2479,11375,[*]NC(C=C1)=CC=C1OC(=S)[*],[*]Nc1ccc(OC([*])=S)cc1
11388,3.137,11388,[*]NC(=O)NC(S1)=CC=C1[*],[*]Nc1ccc(NC([*])=O)s1
11376,1.9448,11376,[*]NC(=O)C(S1)=CC=C1C(C=C2)=CC=C2[*],[*]Nc1ccc(-c2ccc(C([*])=O)s2)cc1
11389,3.4515,11389,[*]NC(=O)NC(C=C1)=CC=C1[*],[*]Nc1ccc(NC([*])=O)cc1
11377,2.6812,11377,[*]NC(=O)C(S1)=CC=C1C(=O)[*],[*]NC(=O)c1ccc(C([*])=O)s1
11390,3.9867,11390,[*]NC(=O)NC(=O)[*],[*]NC(=O)NC([*])=O
11378,1.932,11378,[*]NC(=O)C(S1)=CC=C1C(=S)[*],[*]NC(=S)c1ccc(C([*])=O)s1
11391,2.0371,11391,[*]NC(=O)NC(=S)[*],[*]NC(=S)NC([*])=O
11379,3.0418,11379,[*]NC(=O)C(S1)=CC=C1O[*],[*]NOc1ccc(C([*])=O)s1
11392,5.0658,11392,[*]NC(=O)NO[*],[*]NONC([*])=O
11406,5.0089,11406,[*]NOC(=O)O[*],[*]ONOC([*])=O
11407,3.7133,11407,[*]NOC(=S)O[*],[*]ONOC([*])=S
11408,2.9952,11408,[*]NC(=S)NC(C=C1)=CC=C1NC(=S)NC(C=C2)=CC=C2OC(C=C3)=CC=C3[*],[*]Nc1ccc(NC(=S)Nc2ccc(Oc3ccc(NC([*])=S)cc3)cc2)cc1
11409,3.6012,11409,[*]NC(=S)NC(C=C1)=CC=C1NC(=S)NC(C=C2)=CC=C2CC(C=C3)=CC=C3[*],[*]Nc1ccc(Cc2ccc(NC(=S)Nc3ccc(NC([*])=S)cc3)cc2)cc1
11410,3.5538,11410,[*]NC(=S)NC(C=C1)=CC=C1NC(=S)NCCCCCCC[*],[*]NCCCCCCCNC(=S)Nc1ccc(NC([*])=S)cc1
11411,3.7898,11411,[*]NC(=S)NC(C=C1)=CC=C1CC(C=C2)=CC=C2[*],[*]Nc1ccc(Cc2ccc(NC([*])=S)cc2)cc1
11412,4.5558,11412,[*]CCOCCOC(=O)NC(=CC=C1(C))C=C1NC(=O)O[*],[*]NC(=O)OCCOCCOC(=O)Nc1cc([*])ccc1C
11393,3.4227,11393,[*]NC(=O)OC(S1)=CC=C1[*],[*]Nc1ccc(OC([*])=O)s1
11413,3.4047,11413,[*]C(C=C1)=CC=C1C(=O)NC(=O)[*],[*]NC(=O)c1ccc(C([*])=O)cc1
11394,3.4546,11394,[*]NC(=O)OC(C=C1)=CC=C1[*],[*]Nc1ccc(OC([*])=O)cc1
11414,4.9145,11414,[*]NC(=O)OC(=O)[*],[*]NC(=O)OC([*])=O
11395,2.5812,11395,[*]NC(=O)OC(=S)[*],[*]NC(=S)OC([*])=O
11415,1.4341,11415,[*]C(=O)C(=S)C(=O)O[*],[*]OC(=O)C(=S)C([*])=O
11396,1.6122,11396,[*]NC(=S)C(=C1)SC(=C1)C(=S)[*],[*]NC(=S)c1ccc(C([*])=S)s1
11416,3.7901,11416,[*]C(C=C1)=CC=C1OC(=O)CC(=O)CCO[*],[*]CCOc1ccc(OC(=O)CC([*])=O)cc1
11417,2.4106,11417,[*]CCOC(=S)NC(=S)C(C=C1)=CC=C1N[*],[*]NC(=S)c1ccc(NCCOC([*])=S)cc1
11397,2.3899,11397,[*]NC(=S)C(S1)=CC=C1O[*],[*]NOc1ccc(C([*])=S)s1
11418,6.3311,11418,[*]CNCCCOCO[*],[*]CCOCOCNC[*]
11398,2.6021,11398,[*]NC(=S)C(C=C1)=CC=C1O[*],[*]NOc1ccc(C([*])=S)cc1
11419,5.4,11419,[*]CNCNC(=O)NC(=O)N[*],[*]NCNCNC(=O)NC([*])=O
11399,1.5026,11399,[*]NC(=S)C(=O)C(=S)[*],[*]C(=O)C(=S)NC([*])=S
11420,6.6011,11420,[*]CNC(=O)NCOCO[*],[*]NCOCOCNC([*])=O
11400,1.8481,11400,[*]NC(=S)C(=O)O[*],[*]ONC(=S)C([*])=O
11421,5.9707,11421,[*]CNC(=O)ONC(=O)NO[*],[*]NOCNC(=O)ONC([*])=O
11401,2.6405,11401,[*]NC(=S)NC(C=C1)=CC=C1[*],[*]Nc1ccc(NC([*])=S)cc1
11422,7.1737,11422,[*]COCOCCCO[*],[*]CCOCOCOC[*]
11402,2.0315,11402,[*]NC(=S)NC(=S)[*],[*]NC(=S)NC([*])=S
11403,3.3916,11403,[*]NC(=S)NO[*],[*]NONC([*])=S
11404,2.4316,11404,[*]NC(=S)OC(=S)[*],[*]NC(=S)OC([*])=S
11405,4.5587,11405,[*]NOC(C=C1)=CC=C1O[*],[*]ONOc1ccc([*])cc1
11423,6.3647,11423,[*]COC(=O)NCCNC[*],[*]NCCNCCOC([*])=O
11424,2.3992,11424,[*]C(=O)C(S1)=CC=C1NC(=S)OC(S2)=CC=C2NC(S3)=CC=C3[*],[*]C(=O)c1ccc(Nc2ccc(OC(=S)Nc3ccc([*])s3)s2)s1
11425,4.9352,11425,[*]C(=O)NC(=O)CNC(=O)ON[*],[*]CNC(=O)ONC(=O)NC([*])=O
11432,2.1503,11432,[*]C(F)(F)C(S1)=CC=C1C(F)(F)C(=S)[*],[*]C(=S)C(F)(F)c1ccc(C([*])(F)F)s1
11426,6.0227,11426,[*]C(=O)NC(=O)NCCCN[*],[*]NCCCNC(=O)NC([*])=O
11433,3.9843,11433,[*]C(F)(F)C(S1)=CC=C1C(F)(F)O[*],[*]OC(F)(F)c1ccc(C([*])(F)F)s1
11427,3.2632,11427,[*]C(=O)NC(=O)NC(=O)NC(S1)=CC=C1N[*],[*]NC(=O)Nc1ccc(NC(=O)NC([*])=O)s1
11434,3.9825,11434,[*]C(F)(F)C(C=C1)=CC=C1C(F)(F)C(S2)=CC=C2[*],[*]c1ccc(C(F)(F)c2ccc(C([*])(F)F)s2)cc1
11428,5.4649,11428,[*]C(=O)NC(=O)OC(=O)NCN[*],[*]NCNC(=O)OC(=O)NC([*])=O
11429,5.6793,11429,[*]C(=O)NOCCCCO[*],[*]NOCCCCOC([*])=O
11435,4.1742,11435,[*]C(F)(F)C(C=C1)=CC=C1C(F)(F)C(C=C2)=CC=C2[*],[*]c1ccc(C(F)(F)c2ccc(C([*])(F)F)cc2)cc1
11430,2.9014,11430,[*]OC(C=C1)=CC=C1C(=O)C(S2)=CC=C2C(=O)NOC(=O)[*],[*]ONC(=O)c1ccc(C(=O)c2ccc(OC([*])=O)cc2)s1
11436,2.4957,11436,[*]C(F)(F)C(C=C1)=CC=C1C(F)(F)C(=S)[*],[*]C(=S)C(F)(F)c1ccc(C([*])(F)F)cc1
11431,3.3708,11431,[*]C(F)(F)C(S1)=CC=C1C(F)(F)C(S2)=CC=C2[*],[*]c1ccc(C(F)(F)c2ccc(C([*])(F)F)s2)s1
11437,4.4042,11437,[*]C(F)(F)C(C=C1)=CC=C1C(F)(F)O[*],[*]OC(F)(F)c1ccc(C([*])(F)F)cc1
11445,5.11,11445,[*]C(F)(F)C(F)(F)CC(C=C1)=CC=C1[*],[*]Cc1ccc(C(F)(F)C([*])(F)F)cc1
11438,2.1029,11438,[*]C(F)(F)C(F)(F)C(S1)=CC=C1C(=S)[*],[*]C(=S)c1ccc(C(F)(F)C([*])(F)F)s1
11446,5.0395,11446,[*]C(F)(F)C(F)(F)CC(=O)[*],[*]CC(F)(F)C(F)(F)C([*])=O
11439,4.0762,11439,[*]C(F)(F)C(F)(F)C(S1)=CC=C1O[*],[*]Oc1ccc(C(F)(F)C([*])(F)F)s1
11447,2.143,11447,[*]C(F)(F)C(F)(F)CC(=S)[*],[*]CC(=S)C(F)(F)C([*])(F)F
11440,4.0895,11440,[*]C(F)(F)C(F)(F)C(C=C1)=CC=C1C(S2)=CC=C2[*],[*]c1ccc(-c2ccc(C(F)(F)C([*])(F)F)s2)cc1
11448,7.8675,11448,[*]C(F)(F)C(F)(F)CN[*],[*]CNC(F)(F)C([*])(F)F
11441,3.2719,11441,[*]C(F)(F)C(F)(F)C(C=C1)=CC=C1C(C=C2)=CC=C2[*],[*]c1ccc(-c2ccc(C(F)(F)C([*])(F)F)cc2)cc1
11449,8.8494,11449,[*]C(F)(F)C(F)(F)CO[*],[*]COC(F)(F)C([*])(F)F
11442,2.3476,11442,[*]C(F)(F)C(F)(F)C(C=C1)=CC=C1C(=S)[*],[*]C(=S)c1ccc(C(F)(F)C([*])(F)F)cc1
11450,3.0077,11450,[*]C(F)(F)C(F)(F)C(=O)C(S1)=CC=C1[*],[*]C(=O)C(F)(F)C(F)(F)c1ccc([*])s1
11443,4.7894,11443,[*]C(F)(F)C(F)(F)C(C=C1)=CC=C1O[*],[*]Oc1ccc(C(F)(F)C([*])(F)F)cc1
11451,3.5762,11451,[*]C(F)(F)C(F)(F)C(=O)C(C=C1)=CC=C1[*],[*]C(=O)C(F)(F)C(F)(F)c1ccc([*])cc1
11444,4.5178,11444,[*]C(F)(F)C(F)(F)CC(S1)=CC=C1[*],[*]Cc1ccc(C(F)(F)C([*])(F)F)s1
11452,1.5715,11452,[*]C(F)(F)C(F)(F)C(=O)C(=S)[*],[*]C(=O)C(F)(F)C(F)(F)C([*])=S
11453,3.1746,11453,[*]C(F)(F)C(F)(F)C(=S)O[*],[*]OC(=S)C(F)(F)C([*])(F)F
11454,3.3898,11454,[*]C(F)(F)C(F)(F)NC(S1)=CC=C1[*],[*]Nc1ccc(C(F)(F)C([*])(F)F)s1
11457,2.8927,11457,[*]C(F)(F)C(F)(F)NC(=S)[*],[*]NC(=S)C(F)(F)C([*])(F)F
11455,4.1626,11455,[*]C(F)(F)C(F)(F)NC(C=C1)=CC=C1[*],[*]Nc1ccc(C(F)(F)C([*])(F)F)cc1
11458,6.3342,11458,[*]C(F)(F)C(F)(F)ON[*],[*]NOC(F)(F)C([*])(F)F
11456,5.4991,11456,[*]C(F)(F)C(F)(F)NC(=O)[*],[*]NC(F)(F)C(F)(F)C([*])=O
11459,3.8644,11459,[*]C(F)(F)CC(F)(F)C(S1)=CC=C1[*],[*]CC(F)(F)c1ccc(C([*])(F)F)s1
11470,5.0875,11470,[*]C(F)(F)NC(F)(F)C(=O)[*],[*]C(=O)C(F)(F)NC([*])(F)F
11460,4.3368,11460,[*]C(F)(F)CC(F)(F)C(C=C1)=CC=C1[*],[*]CC(F)(F)c1ccc(C([*])(F)F)cc1
11471,2.6094,11471,[*]C(F)(F)NC(F)(F)C(=S)[*],[*]NC(F)(F)C(=S)C([*])(F)F
11461,4.9978,11461,[*]C(F)(F)CC(F)(F)C(=O)[*],[*]C(=O)C(F)(F)CC([*])(F)F
11472,8.2637,11472,[*]C(F)(F)NC(F)(F)N[*],[*]NC(F)(F)NC([*])(F)F
11473,8.991,11473,[*]C(F)(F)NC(F)(F)O[*],[*]NC(F)(F)OC([*])(F)F
11474,5.8992,11474,[*]C(C#N)C(C#N)(C#N)[*],[*]C(C#N)C([*])(C#N)C#N
11462,2.4856,11462,[*]C(F)(F)CC(F)(F)C(=S)[*],[*]CC(F)(F)C(=S)C([*])(F)F
11463,8.287,11463,[*]C(F)(F)CC(F)(F)N[*],[*]CC(F)(F)NC([*])(F)F
11475,6.9314,11475,[*]CC(C#N)(C#N)[*],[*]CC([*])(C#N)C#N
11464,10.0451,11464,[*]C(F)(F)CC(F)(F)O[*],[*]CC(F)(F)OC([*])(F)F
11476,6.2447,11476,[*]CC(C#N)(C#N)C(C#N)C(C#N)(C#N)[*],[*]C(C#N)C(C#N)(C#N)CC([*])(C#N)C#N
11477,6.2667,11477,[*]CC(C#N)(C#N)C(C#N)C(C#N)(C#N)C(C#N)C(C#N)(C#N)[*],[*]C(C#N)C(C#N)(C#N)C(C#N)C(C#N)(C#N)CC([*])(C#N)C#N
11465,3.1408,11465,[*]C(F)(F)C(=O)C(F)(F)C(=O)[*],[*]C(=O)C(F)(F)C(=O)C([*])(F)F
11478,5.9056,11478,[*]CC(C#N)(C#N)C(C#N)C(C#N)(C#N)C(C#N)C(C#N)(C#N)C(C#N)C(C#N)(C#N)[*],[*]C(C#N)C(C#N)(C#N)C(C#N)C(C#N)(C#N)C(C#N)C(C#N)(C#N)CC([*])(C#N)C#N
11466,5.2263,11466,[*]C(F)(F)C(=O)C(F)(F)O[*],[*]C(=O)C(F)(F)OC([*])(F)F
11479,6.5308,11479,[*]CC(C#N)(C#N)CC(C#N)(C#N)C(C#N)C(C#N)(C#N)[*],[*]C(C#N)C(C#N)(C#N)CC(C#N)(C#N)CC([*])(C#N)C#N
11467,2.4298,11467,[*]C(F)(F)C(=S)C(F)(F)O[*],[*]OC(F)(F)C(=S)C([*])(F)F
11480,6.4504,11480,[*]CC(C#N)(C#N)CC(C#N)(C#N)CC(C#N)(C#N)C(C#N)C(C#N)(C#N)[*],[*]C(C#N)C(C#N)(C#N)CC(C#N)(C#N)CC(C#N)(C#N)CC([*])(C#N)C#N
11468,3.6543,11468,[*]C(F)(F)NC(F)(F)C(S1)=CC=C1[*],[*]NC(F)(F)c1ccc(C([*])(F)F)s1
11481,0.6605,11481,[*]C([2H])=C([*])[2H],[*]C([2H])=C([*])[2H]
11469,4.2709,11469,[*]C(F)(F)NC(F)(F)C(C=C1)=CC=C1[*],[*]NC(F)(F)c1ccc(C([*])(F)F)cc1
688,4.6615,688,[*]CC([*])(Br)Br,[*]CC([*])(Br)Br
706,3.2001,706,[*]C(Cl)=C(Cl)C(Cl)(Cl)C([*])(Cl)Cl,[*]=C(Cl)C(Cl)(Cl)C(Cl)(Cl)C(=[*])Cl
270,6.258,270,[*]CC([*])OC(=O)C(F)(F)F,[*]CC([*])OC(=O)C(F)(F)F
291,5.2414,291,[*]CC([*])C(=O)C(C)(C)C,[*]CC([*])C(=O)C(C)(C)C
408,6.7935,408,[*]CC([*])C(=O)OCC,[*]CC([*])C(=O)OCC
425,6.7224,425,[*]CC([*])C(=O)OCC(F)(F)F,[*]CC([*])C(=O)OCC(F)(F)F
477,6.3398,477,[*]CC([*])(C)C(=O)OCC(F)(F)F,[*]CC([*])(C)C(=O)OCC(F)(F)F
743,5.4664,743,[*]CC(CBr)O[*],[*]CC(CBr)O[*]
1402,5.4099,1402,[*]SC([*])(F)F,[*]SC([*])(F)F
1481,3.591,1481,[*]Cc1ccc(CSSSS[*])cc1,[*]CSSSSCc1ccc([*])cc1
1696,6.7185,1696,[*]CC(C)(C)C(=O)O[*],[*]COC(=O)C([*])(C)C
1841,3.8079,1841,[*]SC(C)C([*])=O,[*]SC(C)C([*])=O
2139,6.4774,2139,[*]CCCCCC(=O)N[*],[*]CCCCCNC([*])=O
2363,2.6498,2363,[*]Nc1ccc(C([*])=O)cc1,[*]Nc1ccc(C([*])=O)cc1
3508,4.8608,3508,[*]CCc1cc(Cl)c([*])cc1Cl,[*]CCc1cc(Cl)c([*])cc1Cl
3533,2.8315,3533,[*]c1ccc([*])c(O)c1,[*]c1ccc([*])c(O)c1
3590,2.9445,3590,[*]CC([*])c1ccc(S(=O)(=O)O)cc1,[*]CC([*])c1ccc(S(=O)(=O)O)cc1
3729,0.8286,3729,[*]C=CC1=C(O)C(O)=C([*])C1,[*]C=CC1=C(O)C(O)=C([*])C1
3804,2.7328,3804,[*]C(I)=C([*])I,[*]C(I)=C([*])I
3825,3.1293,3825,[*]C=C([*])c1ccsc1,[*]C=C([*])c1ccsc1
3844,2.1853,3844,[*]C=C([*])C(C)=O,[*]C=C([*])C(C)=O
3877,5.3283,3877,[*]CC([*])C1=NCCN1,[*]CC([*])C1=NCCN1
4005,6.5449,4005,[*]CC([*])C(=O)NCCC,[*]CC([*])C(=O)NCCC
4493,1.3369,4493,[*]C#CC=C[*],[*]#CC=CC#[*]
4594,7.1982,4594,[*]OC([*])CCl,[*]OC([*])CCl
5186,3.8579,5186,[*]Oc1cccc(Oc2cccc([*])n2)c1,[*]Oc1cccc(Oc2cccc([*])c2)n1
6445,1.7987,6445,[*]c1cnc([*])s1,[*]c1cnc([*])s1
6594,3.6361,6594,[*]Sc1c(F)c(F)c([*])c(F)c1F,[*]Sc1c(F)c(F)c([*])c(F)c1F
10315,4.2584,10315,[*]Nc1nc([*])nc(Cl)n1,[*]Nc1nc([*])nc(Cl)n1
10970,3.0457,10970,[*]c1c(F)c(F)c([*])c(F)c1F,[*]c1c(F)c(F)c([*])c(F)c1F
13020,3.0852,13020,[*]CC([*])CNc1ccc([N+](=O)[O-])cn1,[*]CC([*])CNc1ccc([N+](=O)[O-])cn1
13039,3.7458,13039,[*]OC(c1cccc([N+](=O)[O-])c1)C(C)(C)C([*])=O,[*]C(=O)OC(c1cccc([N+](=O)[O-])c1)C([*])(C)C
13046,5.8867,13046,[*]NC(C)C(=O)NC(C([*])=O)C(C)C,[*]NC(=O)C(NC(=O)C([*])C)C(C)C
13183,4.4086,13183,[*]CC(C[N-][N+]#N)(C[N-][N+]#N)CO[*],[*]COCC([*])(C[N-][N+]#N)C[N-][N+]#N