"pol_id","value","hp_id","smiles1","canonical_smiles"
2,-5.14,2,[*]CC([*])C,[*]CC([*])C
800,-5.2,800,[*]CCCCCOCO[*],[*]CCCOCOCC[*]
729,-5.32,729,[*]CO[*],[*]CO[*]
739,-5.21,739,[*]CCO[*],[*]COC[*]
773,-5.2,773,[*]CCCO[*],[*]CCOC[*]
673,-5.18,673,[*]CC([*])F,[*]CC([*])F
675,-5.21,675,[*]CC([*])(F)F,[*]CC([*])(F)F
677,-5.11,677,[*]C(F)C([*])(F)F,[*]C(F)C([*])(F)F
687,-5.21,687,[*]CCC(F)(F)C([*])(F)F,[*]CCC(F)(F)C([*])(F)F
742,-5.24,742,[*]CC(O[*])C(F)(F)F,[*]CC(O[*])C(F)(F)F
795,-6.18,795,[*]Oc1ccc(Cc2ccc([*])cc2)cc1,[*]Oc1ccc(Cc2ccc([*])cc2)cc1
1032,-5.52,1032,[*]CCOC(=O)NCCOCCOCCNC(=O)O[*],[*]NCCOCCOCCNC(=O)OCCOC([*])=O
1127,-6.82,1127,[*]c1ccc(-c2nc3cc4nc([*])oc4cc3o2)cc1,[*]c1ccc(-c2nc3cc4nc([*])oc4cc3o2)cc1
1419,-5.03,1419,[*]CCCCCS[*],[*]CCCSCC[*]
1569,-5.59,1569,[*]CCOC(=O)CCCCC(=O)O[*],[*]CCCCC(=O)OCCOC([*])=O
1573,-5.5,1573,[*]CCOC(=O)CCCCCCC(=O)O[*],[*]CCCCCCC(=O)OCCOC([*])=O
1586,-6.18,1586,[*]CCOC(=O)c1ccc(C(=O)O[*])cc1,[*]OCCOC(=O)c1ccc(C([*])=O)cc1
1588,-5.97,1588,[*]CCCCOC(=O)c1ccc(C(=O)O[*])cc1,[*]OCCCCOC(=O)c1ccc(C([*])=O)cc1
1618,-6.0,1618,[*]CC(=O)O[*],[*]CC(=O)O[*]
1621,-5.44,1621,[*]CCCCCC(=O)O[*],[*]CCCCCOC([*])=O
1693,-5.73,1693,[*]CCC(=O)O[*],[*]CCOC([*])=O
1830,-6.21,1830,[*]Oc1ccc(CC([*])=O)cc1,[*]Cc1ccc(OC([*])=O)cc1
2068,-6.22,2068,[*]Cc1ccc(C(=O)O[*])cc1,[*]OCc1ccc(C([*])=O)cc1
2136,-5.69,2136,[*]CCC(=O)N[*],[*]CCNC([*])=O
2146,-5.39,2146,[*]CCCCCCC(=O)N[*],[*]CCCCCCNC([*])=O
2288,-5.91,2288,[*]CC(=O)N[*],[*]CC(=O)N[*]
2371,-6.17,2371,[*]Cc1ccc(C(=O)N[*])cc1,[*]NCc1ccc(C([*])=O)cc1
2362,-6.41,2362,[*]Nc1cccc(C([*])=O)c1,[*]Nc1cccc(C([*])=O)c1
2756,-5.79,2756,[*]CCCCCOC(=O)Nc1ccc(C)c(NC(=O)O[*])c1,[*]NC(=O)OCCCCCOC(=O)Nc1ccc(C)c([*])c1
3219,-6.57,3219,[*]OC(=O)c1ccc(C([*])=O)cc1,[*]OC(=O)c1ccc(C([*])=O)cc1
3027,-6.25,3027,[*]CCCCCCN1C(=O)c2ccc(C(=O)c3ccc4c(c3)C(=O)N([*])C4=O)cc2C1=O,[*]C(=O)c1ccc2c(c1)C(=O)N(CCCCCCN1C(=O)c3ccc([*])cc3C1=O)C2=O
3297,-5.46,3297,[*]CCCCCOC(=O)O[*],[*]OCCCCCOC([*])=O
3322,-6.41,3322,[*]Oc1ccc(OC([*])=O)cc1,[*]Oc1ccc(OC([*])=O)cc1
3380,-5.18,3380,[*]CCCN[*],[*]CCNC[*]
3465,-6.4,3465,[*]Oc1ccc(C(=O)c2ccc([*])cc2)cc1,[*]C(=O)c1ccc(Oc2ccc([*])cc2)cc1
3487,-6.39,3487,[*]c1ccc([*])cc1,[*]c1ccc([*])cc1
3516,-6.09,3516,[*]CCc1ccc(-c2ccc([*])cc2)cc1,[*]c1ccc(CCc2ccc([*])cc2)cc1
4622,-5.48,4622,[*]OC1C(CO)OC([*])C(O)C1O,[*]OC1C(CO)OC([*])C(O)C1O
4793,-5.89,4793,[*]Cc1ccc(CO[*])cc1,[*]COCc1ccc([*])cc1
5381,-5.52,5381,[*]CCOCCOC(=O)O[*],[*]OCCOCCOC([*])=O
5740,-5.18,5740,[*]CCC(O[*])(C(F)(F)F)C(F)(F)F,[*]CCOC([*])(C(F)(F)F)C(F)(F)F
6422,-6.18,6422,[*]c1ccc([*])s1,[*]c1ccc([*])s1
7076,-6.44,7076,[*]Oc1ccc(-c2ccc(C([*])=O)cc2)cc1,[*]Oc1ccc(-c2ccc(C([*])=O)cc2)cc1
10290,-6.21,10290,[*]Nc1ccc([*])cc1,[*]Nc1ccc([*])cc1
10343,-6.6,10343,[*]c1cccc([*])n1,[*]c1cccc([*])n1
11152,-5.9,11152,[*]CC(C1=CC=CC=C1)CC(C2=CC=CC=C2)CC(C3=CC=CC=C3)CC(C4=CC=CC=C4)[*],[*]CC(CC(CC(CC([*])c1ccccc1)c1ccccc1)c1ccccc1)c1ccccc1
11153,-6.18,11153,[*]C(S1)=CC=C1C(S2)=CC=C2[*],[*]c1ccc(-c2ccc([*])s2)s1
11154,-6.81,11154,[*]C(OC1=C2)=NC1=CC=C2C(=NC3=C4)OC3=CC=C4[*],[*]c1ccc2nc(-c3ccc4oc([*])nc4c3)oc2c1
11155,-5.84,11155,[*]CC(C=C1)=CC=C1C[*],[*]CCc1ccc([*])cc1
11156,-5.41,11156,[*]CCCOC(=O)CCCCCCCCOC(=O)CCCOC(=O)CCCCCCCCOC(=O)[*],[*]CCCCCCCCOC(=O)CCCOC(=O)CCCCCCCCOC(=O)CCCOC([*])=O
11157,-5.99,11157,[*]CC(C1=CC=CC=N1)CC(C2=CC=CC=N2)CC(C3=CC=CC=N3)[*],[*]CC(CC(CC([*])c1ccccn1)c1ccccn1)c1ccccn1
11158,-6.13,11158,[*]C(S1)=CC=C1C(S2)=CC=C2C(S3)=CC=C3C(=S)[*],[*]C(=S)c1ccc(-c2ccc(-c3ccc([*])s3)s2)s1
11159,-6.12,11159,[*]C(S1)=CC=C1C(S2)=CC=C2C(S3)=CC=C3O[*],[*]Oc1ccc(-c2ccc(-c3ccc([*])s3)s2)s1
11160,-6.07,11160,[*]C(S1)=CC=C1C(S2)=CC=C2OC(=S)[*],[*]Oc1ccc(-c2ccc(C([*])=S)s2)s1
11161,-6.04,11161,[*]C(S1)=CC=C1C(=S)C(S2)=CC=C2O[*],[*]C(=S)c1ccc(Oc2ccc([*])s2)s1
11162,-5.95,11162,[*]C(S1)=CC=C1C(=S)OC(=S)[*],[*]OC(=S)c1ccc(C([*])=S)s1
11163,-6.02,11163,[*]C(S1)=CC=C1OC(S2)=CC=C2O[*],[*]Oc1ccc(Oc2ccc([*])s2)s1
11164,-5.94,11164,[*]C(S1)=CC=C1OC(=S)O[*],[*]Oc1ccc(OC([*])=S)s1
11165,-6.24,11165,[*]C(C=C1)=CC=C1C(S2)=CC=C2C(S3)=CC=C3C(S4)=CC=C4[*],[*]c1ccc(-c2ccc(-c3ccc(-c4ccc([*])s4)s3)s2)cc1
11166,-6.21,11166,[*]C(C=C1)=CC=C1C(S2)=CC=C2C(S3)=CC=C3O[*],[*]c1ccc(Oc2ccc(-c3ccc([*])s3)s2)cc1
11167,-6.28,11167,[*]C(C=C1)=CC=C1C(S2)=CC=C2C(C=C3)=CC=C3C(S4)=CC=C4[*],[*]c1ccc(-c2ccc(-c3ccc(-c4ccc([*])s4)cc3)s2)cc1
11168,-6.27,11168,[*]C(C=C1)=CC=C1C(S2)=CC=C2C(C=C3)=CC=C3C(=S)[*],[*]C(=S)c1ccc(-c2ccc(-c3ccc([*])cc3)s2)cc1
11169,-6.29,11169,[*]C(C=C1)=CC=C1C(S2)=CC=C2C(C=C3)=CC=C3O[*],[*]c1ccc(Oc2ccc(-c3ccc([*])s3)cc2)cc1
11170,-6.22,11170,[*]C(C=C1)=CC=C1C(S2)=CC=C2C(=S)C(S3)=CC=C3[*],[*]C(=S)c1ccc(-c2ccc(-c3ccc([*])s3)cc2)s1
11171,-6.21,11171,[*]C(C=C1)=CC=C1C(S2)=CC=C2OC(S3)=CC=C3[*],[*]c1ccc(-c2ccc(Oc3ccc([*])s3)s2)cc1
11172,-6.17,11172,[*]C(C=C1)=CC=C1C(S2)=CC=C2OC(=S)[*],[*]Oc1ccc(-c2ccc(C([*])=S)cc2)s1
11173,-6.29,11173,[*]C(C=C1)=CC=C1C(C=C2)=CC=C2C(S3)=CC=C3O[*],[*]c1ccc(Oc2ccc(-c3ccc([*])cc3)s2)cc1
11174,-6.34,11174,[*]C(C=C1)=CC=C1C(C=C2)=CC=C2C(C=C3)=CC=C3C(S4)=CC=C4[*],[*]c1ccc(-c2ccc(-c3ccc(-c4ccc([*])cc4)s3)cc2)cc1
11176,-6.31,11176,[*]C(C=C1)=CC=C1C(C=C2)=CC=C2C(C=C3)=CC=C3C(=S)[*],[*]C(=S)c1ccc(-c2ccc(-c3ccc([*])cc3)cc2)cc1
11177,-6.34,11177,[*]C(C=C1)=CC=C1C(C=C2)=CC=C2C(C=C3)=CC=C3O[*],[*]c1ccc(Oc2ccc(-c3ccc([*])cc3)cc2)cc1
11178,-6.29,11178,[*]C(C=C1)=CC=C1C(C=C2)=CC=C2C(=S)O[*],[*]Oc1ccc(-c2ccc(C([*])=S)cc2)cc1
11179,-6.16,11179,[*]C(C=C1)=CC=C1C(=S)C(S2)=CC=C2C(=S)[*],[*]C(=S)c1ccc(C(=S)c2ccc([*])cc2)s1
11180,-6.18,11180,[*]C(C=C1)=CC=C1C(=S)C(S2)=CC=C2O[*],[*]C(=S)c1ccc(Oc2ccc([*])cc2)s1
11181,-6.17,11181,[*]C(C=C1)=CC=C1C(=S)C(C=C2)=CC=C2C(=S)[*],[*]C(=S)c1ccc(C(=S)c2ccc([*])cc2)cc1
11182,-6.28,11182,[*]C(C=C1)=CC=C1C(=S)C(C=C2)=CC=C2O[*],[*]C(=S)c1ccc(Oc2ccc([*])cc2)cc1
11183,-6.13,11183,[*]C(C=C1)=CC=C1C(=S)OC(=S)[*],[*]OC(=S)c1ccc(C([*])=S)cc1
11184,-6.18,11184,[*]C(C=C1)=CC=C1OC(S2)=CC=C2O[*],[*]Oc1ccc(Oc2ccc([*])cc2)s1
11186,-6.21,11186,[*]C(C=C1)=CC=C1OC(=S)C(S2)=CC=C2[*],[*]Oc1ccc(-c2ccc(C([*])=S)s2)cc1
11187,-6.18,11187,[*]C(C=C1)=CC=C1OC(=S)O[*],[*]Oc1ccc(OC([*])=S)cc1
11188,-6.03,11188,[*]CC(S1)=CC=C1C(S2)=CC=C2C(S3)=CC=C3[*],[*]Cc1ccc(-c2ccc(-c3ccc([*])s3)s2)s1
11189,-5.95,11189,[*]CC(S1)=CC=C1C(S2)=CC=C2C(=S)[*],[*]Cc1ccc(-c2ccc(C([*])=S)s2)s1
11190,-5.95,11190,[*]CC(S1)=CC=C1C(S2)=CC=C2O[*],[*]COc1ccc(-c2ccc([*])s2)s1
11191,-6.12,11191,[*]CC(S1)=CC=C1C(C=C2)=CC=C2C(S3)=CC=C3[*],[*]c1ccc(-c2ccc(Cc3ccc([*])s3)s2)cc1
11192,-6.05,11192,[*]CC(S1)=CC=C1C(C=C2)=CC=C2C(=S)[*],[*]Cc1ccc(-c2ccc(C([*])=S)cc2)s1
11193,-6.09,11193,[*]CC(S1)=CC=C1C(C=C2)=CC=C2O[*],[*]c1ccc(OCc2ccc([*])s2)cc1
11194,-5.81,11194,[*]CC(S1)=CC=C1CC(S2)=CC=C2[*],[*]Cc1ccc(Cc2ccc([*])s2)s1
11195,-5.65,11195,[*]CC(S1)=CC=C1CC(=S)[*],[*]Cc1ccc(CC([*])=S)s1
11196,-6.08,11196,[*]CC(S1)=CC=C1C(=O)C(S2)=CC=C2[*],[*]C(=O)c1ccc(Cc2ccc([*])s2)s1
11197,-5.99,11197,[*]CC(S1)=CC=C1C(=O)C(=S)[*],[*]C(=O)c1ccc(CC([*])=S)s1
11198,-6.07,11198,[*]CC(S1)=CC=C1C(=O)O[*],[*]OCc1ccc(C([*])=O)s1
11199,-5.94,11199,[*]CC(S1)=CC=C1C(=S)C(S2)=CC=C2[*],[*]C(=S)c1ccc(Cc2ccc([*])s2)s1
11200,-5.82,11200,[*]CC(S1)=CC=C1C(=S)O[*],[*]OCc1ccc(C([*])=S)s1
11201,-5.9,11201,[*]CC(S1)=CC=C1NC(S2)=CC=C2[*],[*]Cc1ccc(Nc2ccc([*])s2)s1
11202,-5.77,11202,[*]CC(S1)=CC=C1NC(=S)[*],[*]Cc1ccc(NC([*])=S)s1
11203,-5.66,11203,[*]CC(S1)=CC=C1NO[*],[*]CONc1ccc([*])s1
11204,-5.92,11204,[*]CC(S1)=CC=C1OC(S2)=CC=C2[*],[*]Cc1ccc(Oc2ccc([*])s2)s1
11205,-5.78,11205,[*]CC(S1)=CC=C1OC(=S)[*],[*]Cc1ccc(OC([*])=S)s1
11206,-6.12,11206,[*]CC(C=C1)=CC=C1C(S2)=CC=C2C(S3)=CC=C3[*],[*]c1ccc(Cc2ccc(-c3ccc([*])s3)s2)cc1
11207,-6.2,11207,[*]CC(C=C1)=CC=C1C(S2)=CC=C2C(C=C3)=CC=C3[*],[*]c1ccc(Cc2ccc(-c3ccc([*])s3)cc2)cc1
11208,-6.08,11208,[*]CC(C=C1)=CC=C1C(S2)=CC=C2C(=S)[*],[*]Cc1ccc(-c2ccc(C([*])=S)s2)cc1
11209,-6.19,11209,[*]CC(C=C1)=CC=C1C(C=C2)=CC=C2C(S3)=CC=C3[*],[*]c1ccc(Cc2ccc(-c3ccc([*])cc3)s2)cc1
11210,-6.26,11210,[*]CC(C=C1)=CC=C1C(C=C2)=CC=C2C(C=C3)=CC=C3[*],[*]c1ccc(Cc2ccc(-c3ccc([*])cc3)cc2)cc1
11211,-6.17,11211,[*]CC(C=C1)=CC=C1C(C=C2)=CC=C2C(=S)[*],[*]Cc1ccc(-c2ccc(C([*])=S)cc2)cc1
11212,-6.2,11212,[*]CC(C=C1)=CC=C1C(C=C2)=CC=C2O[*],[*]c1ccc(COc2ccc([*])cc2)cc1
11213,-5.99,11213,[*]CC(C=C1)=CC=C1CC(S2)=CC=C2[*],[*]Cc1ccc(Cc2ccc([*])cc2)s1
11214,-6.09,11214,[*]CC(C=C1)=CC=C1CC(C=C2)=CC=C2[*],[*]Cc1ccc(Cc2ccc([*])cc2)cc1
11215,-5.85,11215,[*]CC(C=C1)=CC=C1CC(=S)[*],[*]Cc1ccc(CC([*])=S)cc1
11216,-6.2,11216,[*]CC(C=C1)=CC=C1C(=O)C(S2)=CC=C2[*],[*]C(=O)c1ccc(Cc2ccc([*])cc2)s1
11217,-6.29,11217,[*]CC(C=C1)=CC=C1C(=O)C(C=C2)=CC=C2[*],[*]C(=O)c1ccc(Cc2ccc([*])cc2)cc1
11218,-6.14,11218,[*]CC(C=C1)=CC=C1C(=O)C(=S)[*],[*]C(=O)c1ccc(CC([*])=S)cc1
11219,-6.07,11219,[*]CC(C=C1)=CC=C1C(=S)C(S2)=CC=C2[*],[*]C(=S)c1ccc(Cc2ccc([*])cc2)s1
11220,-6.17,11220,[*]CC(C=C1)=CC=C1C(=S)C(C=C2)=CC=C2[*],[*]C(=S)c1ccc(Cc2ccc([*])cc2)cc1
11221,-6.0,11221,[*]CC(C=C1)=CC=C1C(=S)O[*],[*]OCc1ccc(C([*])=S)cc1
11222,-6.04,11222,[*]CC(C=C1)=CC=C1NC(S2)=CC=C2[*],[*]Nc1ccc(Cc2ccc([*])cc2)s1
11223,-6.15,11223,[*]CC(C=C1)=CC=C1NC(C=C2)=CC=C2[*],[*]Nc1ccc(Cc2ccc([*])cc2)cc1
11224,-5.97,11224,[*]CC(C=C1)=CC=C1NC(=S)[*],[*]Cc1ccc(NC([*])=S)cc1
11225,-5.9,11225,[*]CC(C=C1)=CC=C1NO[*],[*]NOCc1ccc([*])cc1
11226,-6.08,11226,[*]CC(C=C1)=CC=C1OC(S2)=CC=C2[*],[*]Oc1ccc(Cc2ccc([*])cc2)s1
11227,-6.0,11227,[*]CC(C=C1)=CC=C1OC(=S)[*],[*]Cc1ccc(OC([*])=S)cc1
11228,-5.86,11228,[*]CCC(S1)=CC=C1C(S2)=CC=C2[*],[*]CCc1ccc(-c2ccc([*])s2)s1
11229,-5.69,11229,[*]CCC(S1)=CC=C1C(=S)[*],[*]CCc1ccc(C([*])=S)s1
11230,-5.67,11230,[*]CCC(S1)=CC=C1O[*],[*]CCOc1ccc([*])s1
11231,-5.98,11231,[*]CCC(C=C1)=CC=C1C(S2)=CC=C2[*],[*]c1ccc(CCc2ccc([*])s2)cc1
11232,-5.87,11232,[*]CCC(C=C1)=CC=C1C(=S)[*],[*]CCc1ccc(C([*])=S)cc1
11233,-5.89,11233,[*]CCC(C=C1)=CC=C1O[*],[*]OCCc1ccc([*])cc1
11234,-5.57,11234,[*]CCCC(S1)=CC=C1[*],[*]CCCc1ccc([*])s1
11235,-5.78,11235,[*]CCCC(C=C1)=CC=C1[*],[*]CCCc1ccc([*])cc1
11236,-5.52,11236,[*]CCCC(=O)[*],[*]CCCC([*])=O
11237,-5.22,11237,[*]CCCC(=S)[*],[*]CCCC([*])=S
11238,-5.9,11238,[*]CCC(=O)C(S1)=CC=C1[*],[*]CCc1ccc(C([*])=O)s1
11239,-6.05,11239,[*]CCC(=O)C(C=C1)=CC=C1[*],[*]CCc1ccc(C([*])=O)cc1
11240,-5.61,11240,[*]CCC(=O)C(=S)[*],[*]CCC(=S)C([*])=O
11241,-5.34,11241,[*]CCC(=S)O[*],[*]CCOC([*])=S
11242,-5.63,11242,[*]CCNC(S1)=CC=C1[*],[*]CCNc1ccc([*])s1
11243,-5.85,11243,[*]CCNC(C=C1)=CC=C1[*],[*]NCCc1ccc([*])cc1
11244,-5.36,11244,[*]CCNC(=S)[*],[*]CCNC([*])=S
11245,-5.12,11245,[*]CCON[*],[*]CNOC[*]
11246,-6.12,11246,[*]CC(=O)C(S1)=CC=C1C(S2)=CC=C2[*],[*]Cc1ccc(-c2ccc(C([*])=O)s2)s1
11247,-6.21,11247,[*]CC(=O)C(S1)=CC=C1C(C=C2)=CC=C2[*],[*]Cc1ccc(-c2ccc(C([*])=O)s2)cc1
11248,-6.21,11248,[*]CC(=O)C(S1)=CC=C1C(=O)[*],[*]CC(=O)c1ccc(C([*])=O)s1
11249,-6.0,11249,[*]CC(=O)C(S1)=CC=C1C(=S)[*],[*]CC(=S)c1ccc(C([*])=O)s1
11250,-6.03,11250,[*]CC(=O)C(S1)=CC=C1O[*],[*]COc1ccc(C([*])=O)s1
11251,-6.2,11251,[*]CC(=O)C(C=C1)=CC=C1C(S2)=CC=C2[*],[*]Cc1ccc(-c2ccc(C([*])=O)cc2)s1
11252,-6.29,11252,[*]CC(=O)C(C=C1)=CC=C1C(C=C2)=CC=C2[*],[*]Cc1ccc(-c2ccc(C([*])=O)cc2)cc1
11253,-6.34,11253,[*]CC(=O)C(C=C1)=CC=C1C(=O)[*],[*]CC(=O)c1ccc(C([*])=O)cc1
11254,-6.15,11254,[*]CC(=O)C(C=C1)=CC=C1C(=S)[*],[*]CC(=S)c1ccc(C([*])=O)cc1
11255,-6.19,11255,[*]CC(=O)C(C=C1)=CC=C1O[*],[*]COc1ccc(C([*])=O)cc1
11256,-5.87,11256,[*]CC(=O)CC(S1)=CC=C1[*],[*]Cc1ccc(CC([*])=O)s1
11257,-6.05,11257,[*]CC(=O)CC(C=C1)=CC=C1[*],[*]Cc1ccc(CC([*])=O)cc1
11258,-5.95,11258,[*]CC(=O)CC(=O)[*],[*]CC(=O)CC([*])=O
11259,-5.62,11259,[*]CC(=O)CC(=S)[*],[*]CC(=S)CC([*])=O
11260,-5.62,11260,[*]CC(=O)CO[*],[*]COCC([*])=O
11261,-6.0,11261,[*]CC(=O)C(=S)C(S1)=CC=C1[*],[*]Cc1ccc(C(=S)C([*])=O)s1
11262,-6.15,11262,[*]CC(=O)C(=S)C(C=C1)=CC=C1[*],[*]Cc1ccc(C(=S)C([*])=O)cc1
11263,-6.06,11263,[*]CC(=O)C(=S)C(=O)[*],[*]CC(=O)C(=S)C([*])=O
11264,-5.8,11264,[*]CC(=O)C(=S)O[*],[*]COC(=S)C([*])=O
11265,-6.01,11265,[*]CC(=O)NC(S1)=CC=C1[*],[*]Cc1ccc(NC([*])=O)s1
11266,-6.16,11266,[*]CC(=O)NC(C=C1)=CC=C1[*],[*]Cc1ccc(NC([*])=O)cc1
11267,-6.2,11267,[*]CC(=O)NC(=O)[*],[*]CC(=O)NC([*])=O
11268,-5.8,11268,[*]CC(=O)NC(=S)[*],[*]CC(=S)NC([*])=O
11269,-6.05,11269,[*]CC(=O)OC(S1)=CC=C1[*],[*]Cc1ccc(OC([*])=O)s1
11270,-6.3,11270,[*]CC(=O)OC(=O)[*],[*]CC(=O)OC([*])=O
11271,-5.87,11271,[*]CC(=O)OC(=S)[*],[*]CC(=S)OC([*])=O
11272,-5.78,11272,[*]CC(=S)C(S1)=CC=C1C(=S)[*],[*]CC(=S)c1ccc(C([*])=S)s1
11273,-5.8,11273,[*]CC(=S)C(S1)=CC=C1O[*],[*]COc1ccc(C([*])=S)s1
11274,-5.91,11274,[*]CC(=S)C(C=C1)=CC=C1C(=S)[*],[*]CC(=S)c1ccc(C([*])=S)cc1
11275,-5.95,11275,[*]CC(=S)C(C=C1)=CC=C1N[*],[*]CNc1ccc(C([*])=S)cc1
11276,-5.99,11276,[*]CC(=S)C(C=C1)=CC=C1O[*],[*]COc1ccc(C([*])=S)cc1
11277,-5.3,11277,[*]CC(=S)CC(=S)[*],[*]CC(=S)CC([*])=S
11278,-5.27,11278,[*]CC(=S)CO[*],[*]COCC([*])=S
11279,-5.79,11279,[*]CC(=S)C(=O)C(=S)[*],[*]C(=O)C(=S)CC([*])=S
11280,-5.84,11280,[*]CC(=S)C(=O)O[*],[*]OCC(=S)C([*])=O
11281,-5.43,11281,[*]CC(=S)NC(=S)[*],[*]CC(=S)NC([*])=S
11282,-5.27,11282,[*]CC(=S)NO[*],[*]CONC([*])=S
11283,-5.45,11283,[*]CC(=S)OC(=S)[*],[*]CC(=S)OC([*])=S
11284,-6.04,11284,[*]CNC(S1)=CC=C1C(C=C2)=CC=C2[*],[*]c1ccc(CNc2ccc([*])s2)cc1
11285,-6.0,11285,[*]CNC(S1)=CC=C1C(=O)[*],[*]CNc1ccc(C([*])=O)s1
11286,-5.78,11286,[*]CNC(S1)=CC=C1C(=S)[*],[*]CNc1ccc(C([*])=S)s1
11287,-5.7,11287,[*]CNC(S1)=CC=C1N[*],[*]NCNc1ccc([*])s1
11288,-5.74,11288,[*]CNC(S1)=CC=C1O[*],[*]NCOc1ccc([*])s1
11289,-6.05,11289,[*]CNC(C=C1)=CC=C1C(S2)=CC=C2[*],[*]c1ccc(NCc2ccc([*])s2)cc1
11290,-6.14,11290,[*]CNC(C=C1)=CC=C1C(=O)[*],[*]CNc1ccc(C([*])=O)cc1
11291,-5.93,11291,[*]CNC(C=C1)=CC=C1N[*],[*]NCNc1ccc([*])cc1
11292,-5.98,11292,[*]CNC(C=C1)=CC=C1O[*],[*]OCNc1ccc([*])cc1
11293,-5.61,11293,[*]CNCC(S1)=CC=C1[*],[*]CNCc1ccc([*])s1
11294,-5.84,11294,[*]CNCC(C=C1)=CC=C1[*],[*]CNCc1ccc([*])cc1
11295,-5.59,11295,[*]CNCC(=O)[*],[*]CNCC([*])=O
11296,-5.26,11296,[*]CNCC(=S)[*],[*]CNCC([*])=S
11297,-5.22,11297,[*]CNCN[*],[*]CN[*]
11298,-5.27,11298,[*]CNCO[*],[*]COCN[*]
11299,-6.02,11299,[*]CNC(=O)C(S1)=CC=C1[*],[*]NCc1ccc(C([*])=O)s1
11300,-5.8,11300,[*]CNC(=O)C(=S)[*],[*]NCC(=S)C([*])=O
11301,-5.79,11301,[*]CNC(=S)C(S1)=CC=C1[*],[*]NCc1ccc(C([*])=S)s1
11302,-5.96,11302,[*]CNC(=S)C(C=C1)=CC=C1[*],[*]NCc1ccc(C([*])=S)cc1
11303,-5.79,11303,[*]CNC(=S)C(=O)[*],[*]CNC(=S)C([*])=O
11304,-5.48,11304,[*]CNC(=S)N[*],[*]NCNC([*])=S
11305,-5.49,11305,[*]CNC(=S)O[*],[*]NCOC([*])=S
11306,-5.66,11306,[*]CNOC(S1)=CC=C1[*],[*]CNOc1ccc([*])s1
11307,-5.9,11307,[*]CNOC(C=C1)=CC=C1[*],[*]ONCc1ccc([*])cc1
11308,-5.28,11308,[*]CNOC(=S)[*],[*]CNOC([*])=S
11309,-5.01,11309,[*]CNON[*],[*]CNON[*]
11310,-6.07,11310,[*]COC(S1)=CC=C1C(C=C2)=CC=C2[*],[*]c1ccc(COc2ccc([*])s2)cc1
11311,-5.78,11311,[*]COC(S1)=CC=C1O[*],[*]OCOc1ccc([*])s1
11312,-6.03,11312,[*]COC(C=C1)=CC=C1O[*],[*]OCOc1ccc([*])cc1
11313,-5.97,11313,[*]COC(=O)O[*],[*]OCOC([*])=O
11314,-5.47,11314,[*]COC(=S)O[*],[*]OCOC([*])=S
11315,-5.69,11315,[*]CONC(=O)[*],[*]CONC([*])=O
11316,-5.08,11316,[*]CONO[*],[*]CONO[*]
11317,-6.27,11317,[*]C(=O)C(S1)=CC=C1C(S2)=CC=C2C(S3)=CC=C3[*],[*]C(=O)c1ccc(-c2ccc(-c3ccc([*])s3)s2)s1
11318,-6.22,11318,[*]C(=O)C(S1)=CC=C1C(S2)=CC=C2C(=S)[*],[*]C(=O)c1ccc(-c2ccc(C([*])=S)s2)s1
11319,-6.27,11319,[*]C(=O)C(S1)=CC=C1C(S2)=CC=C2O[*],[*]Oc1ccc(-c2ccc(C([*])=O)s2)s1
11320,-6.34,11320,[*]C(=O)C(S1)=CC=C1C(C=C2)=CC=C2C(S3)=CC=C3[*],[*]C(=O)c1ccc(-c2ccc(-c3ccc([*])s3)cc2)s1
11321,-6.29,11321,[*]C(=O)C(S1)=CC=C1C(C=C2)=CC=C2C(=S)[*],[*]C(=O)c1ccc(-c2ccc(C([*])=S)cc2)s1
11322,-6.38,11322,[*]C(=O)C(S1)=CC=C1C(C=C2)=CC=C2O[*],[*]Oc1ccc(-c2ccc(C([*])=O)s2)cc1
11323,-6.37,11323,[*]C(=O)C(S1)=CC=C1C(=O)C(S2)=CC=C2[*],[*]C(=O)c1ccc(C(=O)c2ccc([*])s2)s1
11324,-6.33,11324,[*]C(=O)C(S1)=CC=C1C(=O)C(=S)[*],[*]C(=O)c1ccc(C(=O)C([*])=S)s1
11325,-6.49,11325,[*]C(=O)C(S1)=CC=C1C(=O)O[*],[*]OC(=O)c1ccc(C([*])=O)s1
11326,-6.21,11326,[*]C(=O)C(S1)=CC=C1C(=S)O[*],[*]OC(=S)c1ccc(C([*])=O)s1
11327,-6.22,11327,[*]C(=O)C(S1)=CC=C1OC(S2)=CC=C2[*],[*]C(=O)c1ccc(Oc2ccc([*])s2)s1
11328,-6.17,11328,[*]C(=O)C(S1)=CC=C1OC(=S)[*],[*]C(=O)c1ccc(OC([*])=S)s1
11329,-6.38,11329,[*]C(=O)C(C=C1)=CC=C1C(S2)=CC=C2C(C=C3)=CC=C3[*],[*]C(=O)c1ccc(-c2ccc(-c3ccc([*])cc3)s2)cc1
11330,-6.35,11330,[*]C(=O)C(C=C1)=CC=C1C(S2)=CC=C2O[*],[*]Oc1ccc(-c2ccc(C([*])=O)cc2)s1
11331,-6.42,11331,[*]C(=O)C(C=C1)=CC=C1C(C=C2)=CC=C2C(C=C3)=CC=C3[*],[*]C(=O)c1ccc(-c2ccc(-c3ccc([*])cc3)cc2)cc1
11332,-6.37,11332,[*]C(=O)C(C=C1)=CC=C1C(C=C2)=CC=C2C(=S)[*],[*]C(=O)c1ccc(-c2ccc(C([*])=S)cc2)cc1
11333,-6.45,11333,[*]C(=O)C(C=C1)=CC=C1C(=O)C(S2)=CC=C2[*],[*]C(=O)c1ccc(C(=O)c2ccc([*])cc2)s1
11334,-6.51,11334,[*]C(=O)C(C=C1)=CC=C1C(=O)C(C=C2)=CC=C2[*],[*]C(=O)c1ccc(C(=O)c2ccc([*])cc2)cc1
11335,-6.42,11335,[*]C(=O)C(C=C1)=CC=C1C(=O)C(=S)[*],[*]C(=O)c1ccc(C(=O)C([*])=S)cc1
11336,-6.35,11336,[*]C(=O)C(C=C1)=CC=C1C(=S)O[*],[*]OC(=S)c1ccc(C([*])=O)cc1
11337,-6.33,11337,[*]C(=O)C(C=C1)=CC=C1OC(S2)=CC=C2[*],[*]C(=O)c1ccc(Oc2ccc([*])cc2)s1
11338,-6.3,11338,[*]C(=O)C(C=C1)=CC=C1OC(=S)[*],[*]C(=O)c1ccc(OC([*])=S)cc1
11339,-5.98,11339,[*]C(=O)C(=S)OC(=S)[*],[*]C(=O)C(=S)OC([*])=S
11340,-6.21,11340,[*]C(=O)OC(S1)=CC=C1C(=S)[*],[*]Oc1ccc(C(=S)C([*])=O)s1
11341,-6.25,11341,[*]C(=O)OC(S1)=CC=C1O[*],[*]Oc1ccc(OC([*])=O)s1
11342,-6.32,11342,[*]C(=O)OC(C=C1)=CC=C1C(=S)[*],[*]Oc1ccc(C(=S)C([*])=O)cc1
11343,-6.78,11343,[*]C(=O)OC(=O)O[*],[*]OC(=O)OC([*])=O
11344,-6.2,11344,[*]C(=O)OC(=S)O[*],[*]OC(=S)OC([*])=O
11345,-6.09,11345,[*]NC(S1)=CC=C1C(S2)=CC=C2C(S3)=CC=C3[*],[*]Nc1ccc(-c2ccc(-c3ccc([*])s3)s2)s1
11346,-5.92,11346,[*]NC(S1)=CC=C1C(S2)=CC=C2C[*],[*]CNc1ccc(-c2ccc([*])s2)s1
11347,-6.22,11347,[*]NC(S1)=CC=C1C(S2)=CC=C2C(=O)[*],[*]Nc1ccc(-c2ccc(C([*])=O)s2)s1
11348,-6.05,11348,[*]NC(S1)=CC=C1C(S2)=CC=C2C(=S)[*],[*]Nc1ccc(-c2ccc(C([*])=S)s2)s1
11349,-6.18,11349,[*]NC(S1)=CC=C1C(C=C2)=CC=C2C(S3)=CC=C3[*],[*]c1ccc(-c2ccc(Nc3ccc([*])s3)s2)cc1
11350,-6.15,11350,[*]NC(S1)=CC=C1C(C=C2)=CC=C2C(=S)[*],[*]Nc1ccc(-c2ccc(C([*])=S)cc2)s1
11351,-6.18,11351,[*]NC(S1)=CC=C1C(=O)C(S2)=CC=C2[*],[*]C(=O)c1ccc(Nc2ccc([*])s2)s1
11352,-6.15,11352,[*]NC(S1)=CC=C1C(=O)C(=S)[*],[*]C(=O)c1ccc(NC([*])=S)s1
11353,-6.0,11353,[*]NC(S1)=CC=C1C(=S)C(S2)=CC=C2[*],[*]C(=S)c1ccc(Nc2ccc([*])s2)s1
11354,-6.15,11354,[*]NC(S1)=CC=C1C(=S)C(C=C2)=CC=C2[*],[*]C(=S)c1ccc(Nc2ccc([*])cc2)s1
11355,-5.96,11355,[*]NC(S1)=CC=C1NC(S2)=CC=C2[*],[*]Nc1ccc(Nc2ccc([*])s2)s1
11356,-5.89,11356,[*]NC(S1)=CC=C1NC(=S)[*],[*]Nc1ccc(NC([*])=S)s1
11357,-5.99,11357,[*]NC(S1)=CC=C1OC(S2)=CC=C2[*],[*]Nc1ccc(Oc2ccc([*])s2)s1
11358,-5.92,11358,[*]NC(S1)=CC=C1OC(=S)[*],[*]Nc1ccc(OC([*])=S)s1
11359,-6.18,11359,[*]NC(C=C1)=CC=C1C(S2)=CC=C2C(S3)=CC=C3[*],[*]c1ccc(Nc2ccc(-c3ccc([*])s3)s2)cc1
11360,-6.26,11360,[*]NC(C=C1)=CC=C1C(S2)=CC=C2C(C=C3)=CC=C3[*],[*]c1ccc(Nc2ccc(-c3ccc([*])s3)cc2)cc1
11361,-6.18,11361,[*]NC(C=C1)=CC=C1C(S2)=CC=C2C(=S)[*],[*]Nc1ccc(-c2ccc(C([*])=S)s2)cc1
11362,-6.26,11362,[*]NC(C=C1)=CC=C1C(C=C2)=CC=C2C(S3)=CC=C3[*],[*]c1ccc(Nc2ccc(-c3ccc([*])cc3)s2)cc1
11363,-6.31,11363,[*]NC(C=C1)=CC=C1C(C=C2)=CC=C2C(C=C3)=CC=C3[*],[*]c1ccc(Nc2ccc(-c3ccc([*])cc3)cc2)cc1
11364,-6.15,11364,[*]NC(C=C1)=CC=C1C(C=C2)=CC=C2C[*],[*]c1ccc(CNc2ccc([*])cc2)cc1
11365,-6.25,11365,[*]NC(C=C1)=CC=C1C(C=C2)=CC=C2C(=S)[*],[*]Nc1ccc(-c2ccc(C([*])=S)cc2)cc1
11366,-6.21,11366,[*]NC(C=C1)=CC=C1C(C=C2)=CC=C2O[*],[*]c1ccc(NOc2ccc([*])cc2)cc1
11367,-6.29,11367,[*]NC(C=C1)=CC=C1C(=O)C(S2)=CC=C2[*],[*]C(=O)c1ccc(Nc2ccc([*])cc2)s1
11368,-6.27,11368,[*]NC(C=C1)=CC=C1C(=O)C(=S)[*],[*]C(=O)c1ccc(NC([*])=S)cc1
11369,-6.22,11369,[*]NC(C=C1)=CC=C1C(=O)O[*],[*]ONc1ccc(C([*])=O)cc1
11370,-6.23,11370,[*]NC(C=C1)=CC=C1C(=S)C(C=C2)=CC=C2[*],[*]C(=S)c1ccc(Nc2ccc([*])cc2)cc1
11371,-6.11,11371,[*]NC(C=C1)=CC=C1NC(S2)=CC=C2[*],[*]Nc1ccc(Nc2ccc([*])cc2)s1
11372,-5.91,11372,[*]NC(C=C1)=CC=C1NO[*],[*]NONc1ccc([*])cc1
11373,-6.14,11373,[*]NC(C=C1)=CC=C1OC(S2)=CC=C2[*],[*]Oc1ccc(Nc2ccc([*])cc2)s1
11374,-6.26,11374,[*]NC(C=C1)=CC=C1OC(C=C2)=CC=C2[*],[*]Oc1ccc(Nc2ccc([*])cc2)cc1
11375,-6.14,11375,[*]NC(C=C1)=CC=C1OC(=S)[*],[*]Nc1ccc(OC([*])=S)cc1
11376,-6.33,11376,[*]NC(=O)C(S1)=CC=C1C(C=C2)=CC=C2[*],[*]Nc1ccc(-c2ccc(C([*])=O)s2)cc1
11377,-6.4,11377,[*]NC(=O)C(S1)=CC=C1C(=O)[*],[*]NC(=O)c1ccc(C([*])=O)s1
11378,-6.14,11378,[*]NC(=O)C(S1)=CC=C1C(=S)[*],[*]NC(=S)c1ccc(C([*])=O)s1
11379,-6.08,11379,[*]NC(=O)C(S1)=CC=C1O[*],[*]NOc1ccc(C([*])=O)s1
11380,-6.31,11380,[*]NC(=O)C(C=C1)=CC=C1C(S2)=CC=C2[*],[*]Nc1ccc(-c2ccc(C([*])=O)cc2)s1
11381,-6.4,11381,[*]NC(=O)C(C=C1)=CC=C1C(C=C2)=CC=C2[*],[*]Nc1ccc(-c2ccc(C([*])=O)cc2)cc1
11382,-6.28,11382,[*]NC(=O)C(C=C1)=CC=C1C(=S)[*],[*]NC(=S)c1ccc(C([*])=O)cc1
11383,-6.24,11383,[*]NC(=O)C(C=C1)=CC=C1O[*],[*]NOc1ccc(C([*])=O)cc1
11384,-6.16,11384,[*]NC(=O)C(=S)C(S1)=CC=C1[*],[*]Nc1ccc(C(=S)C([*])=O)s1
11385,-6.26,11385,[*]NC(=O)C(=S)C(C=C1)=CC=C1[*],[*]Nc1ccc(C(=S)C([*])=O)cc1
11386,-6.35,11386,[*]NC(=O)C(=S)C(=O)[*],[*]NC(=O)C(=S)C([*])=O
11387,-5.88,11387,[*]NC(=O)C(=S)O[*],[*]NOC(=S)C([*])=O
11388,-6.15,11388,[*]NC(=O)NC(S1)=CC=C1[*],[*]Nc1ccc(NC([*])=O)s1
11389,-6.31,11389,[*]NC(=O)NC(C=C1)=CC=C1[*],[*]Nc1ccc(NC([*])=O)cc1
11390,-6.46,11390,[*]NC(=O)NC(=O)[*],[*]NC(=O)NC([*])=O
11391,-6.02,11391,[*]NC(=O)NC(=S)[*],[*]NC(=S)NC([*])=O
11392,-5.7,11392,[*]NC(=O)NO[*],[*]NONC([*])=O
11393,-6.2,11393,[*]NC(=O)OC(S1)=CC=C1[*],[*]Nc1ccc(OC([*])=O)s1
11394,-6.35,11394,[*]NC(=O)OC(C=C1)=CC=C1[*],[*]Nc1ccc(OC([*])=O)cc1
11395,-6.1,11395,[*]NC(=O)OC(=S)[*],[*]NC(=S)OC([*])=O
11396,-5.92,11396,[*]NC(=S)C(=C1)SC(=C1)C(=S)[*],[*]NC(=S)c1ccc(C([*])=S)s1
11397,-5.82,11397,[*]NC(=S)C(S1)=CC=C1O[*],[*]NOc1ccc(C([*])=S)s1
11398,-6.02,11398,[*]NC(=S)C(C=C1)=CC=C1O[*],[*]NOc1ccc(C([*])=S)cc1
11399,-5.94,11399,[*]NC(=S)C(=O)C(=S)[*],[*]C(=O)C(=S)NC([*])=S
11400,-5.89,11400,[*]NC(=S)C(=O)O[*],[*]ONC(=S)C([*])=O
11401,-6.09,11401,[*]NC(=S)NC(C=C1)=CC=C1[*],[*]Nc1ccc(NC([*])=S)cc1
11402,-5.69,11402,[*]NC(=S)NC(=S)[*],[*]NC(=S)NC([*])=S
11403,-5.23,11403,[*]NC(=S)NO[*],[*]NONC([*])=S
11404,-5.64,11404,[*]NC(=S)OC(=S)[*],[*]NC(=S)OC([*])=S
11405,-5.98,11405,[*]NOC(C=C1)=CC=C1O[*],[*]ONOc1ccc([*])cc1
11406,-5.77,11406,[*]NOC(=O)O[*],[*]ONOC([*])=O
11407,-5.2,11407,[*]NOC(=S)O[*],[*]ONOC([*])=S
11408,-6.15,11408,[*]NC(=S)NC(C=C1)=CC=C1NC(=S)NC(C=C2)=CC=C2OC(C=C3)=CC=C3[*],[*]Nc1ccc(NC(=S)Nc2ccc(Oc3ccc(NC([*])=S)cc3)cc2)cc1
11409,-6.09,11409,[*]NC(=S)NC(C=C1)=CC=C1NC(=S)NC(C=C2)=CC=C2CC(C=C3)=CC=C3[*],[*]Nc1ccc(Cc2ccc(NC(=S)Nc3ccc(NC([*])=S)cc3)cc2)cc1
11411,-6.09,11411,[*]NC(=S)NC(C=C1)=CC=C1CC(C=C2)=CC=C2[*],[*]Nc1ccc(Cc2ccc(NC([*])=S)cc2)cc1
11412,-5.83,11412,[*]CCOCCOC(=O)NC(=CC=C1(C))C=C1NC(=O)O[*],[*]NC(=O)OCCOCCOC(=O)Nc1cc([*])ccc1C
11413,-6.48,11413,[*]C(C=C1)=CC=C1C(=O)NC(=O)[*],[*]NC(=O)c1ccc(C([*])=O)cc1
11414,-6.61,11414,[*]NC(=O)OC(=O)[*],[*]NC(=O)OC([*])=O
11415,-6.47,11415,[*]C(=O)C(=S)C(=O)O[*],[*]OC(=O)C(=S)C([*])=O
11416,-6.01,11416,[*]C(C=C1)=CC=C1OC(=O)CC(=O)CCO[*],[*]CCOc1ccc(OC(=O)CC([*])=O)cc1
11417,-5.81,11417,[*]CCOC(=S)NC(=S)C(C=C1)=CC=C1N[*],[*]NC(=S)c1ccc(NCCOC([*])=S)cc1
11418,-5.21,11418,[*]CNCCCOCO[*],[*]CCOCOCNC[*]
11419,-5.84,11419,[*]CNCNC(=O)NC(=O)N[*],[*]NCNCNC(=O)NC([*])=O
11420,-5.58,11420,[*]CNC(=O)NCOCO[*],[*]NCOCOCNC([*])=O
11421,-5.82,11421,[*]CNC(=O)ONC(=O)NO[*],[*]NOCNC(=O)ONC([*])=O
11422,-5.22,11422,[*]COCOCCCO[*],[*]CCOCOCOC[*]
11423,-5.49,11423,[*]COC(=O)NCCNC[*],[*]NCCNCCOC([*])=O
11425,-6.11,11425,[*]C(=O)NC(=O)CNC(=O)ON[*],[*]CNC(=O)ONC(=O)NC([*])=O
11426,-5.77,11426,[*]C(=O)NC(=O)NCCCN[*],[*]NCCCNC(=O)NC([*])=O
11427,-6.29,11427,[*]C(=O)NC(=O)NC(=O)NC(S1)=CC=C1N[*],[*]NC(=O)Nc1ccc(NC(=O)NC([*])=O)s1
11428,-6.22,11428,[*]C(=O)NC(=O)OC(=O)NCN[*],[*]NCNC(=O)OC(=O)NC([*])=O
11429,-5.44,11429,[*]C(=O)NOCCCCO[*],[*]NOCCCCOC([*])=O
11430,-6.35,11430,[*]OC(C=C1)=CC=C1C(=O)C(S2)=CC=C2C(=O)NOC(=O)[*],[*]ONC(=O)c1ccc(C(=O)c2ccc(OC([*])=O)cc2)s1
11431,-5.83,11431,[*]C(F)(F)C(S1)=CC=C1C(F)(F)C(S2)=CC=C2[*],[*]c1ccc(C(F)(F)c2ccc(C([*])(F)F)s2)s1
11432,-5.65,11432,[*]C(F)(F)C(S1)=CC=C1C(F)(F)C(=S)[*],[*]C(=S)C(F)(F)c1ccc(C([*])(F)F)s1
11433,-5.68,11433,[*]C(F)(F)C(S1)=CC=C1C(F)(F)O[*],[*]OC(F)(F)c1ccc(C([*])(F)F)s1
11434,-5.99,11434,[*]C(F)(F)C(C=C1)=CC=C1C(F)(F)C(S2)=CC=C2[*],[*]c1ccc(C(F)(F)c2ccc(C([*])(F)F)s2)cc1
11435,-6.06,11435,[*]C(F)(F)C(C=C1)=CC=C1C(F)(F)C(C=C2)=CC=C2[*],[*]c1ccc(C(F)(F)c2ccc(C([*])(F)F)cc2)cc1
11436,-5.84,11436,[*]C(F)(F)C(C=C1)=CC=C1C(F)(F)C(=S)[*],[*]C(=S)C(F)(F)c1ccc(C([*])(F)F)cc1
11437,-5.92,11437,[*]C(F)(F)C(C=C1)=CC=C1C(F)(F)O[*],[*]OC(F)(F)c1ccc(C([*])(F)F)cc1
11438,-5.66,11438,[*]C(F)(F)C(F)(F)C(S1)=CC=C1C(=S)[*],[*]C(=S)c1ccc(C(F)(F)C([*])(F)F)s1
11439,-5.67,11439,[*]C(F)(F)C(F)(F)C(S1)=CC=C1O[*],[*]Oc1ccc(C(F)(F)C([*])(F)F)s1
11440,-5.98,11440,[*]C(F)(F)C(F)(F)C(C=C1)=CC=C1C(S2)=CC=C2[*],[*]c1ccc(-c2ccc(C(F)(F)C([*])(F)F)s2)cc1
11441,-6.1,11441,[*]C(F)(F)C(F)(F)C(C=C1)=CC=C1C(C=C2)=CC=C2[*],[*]c1ccc(-c2ccc(C(F)(F)C([*])(F)F)cc2)cc1
11442,-5.85,11442,[*]C(F)(F)C(F)(F)C(C=C1)=CC=C1C(=S)[*],[*]C(=S)c1ccc(C(F)(F)C([*])(F)F)cc1
11443,-5.89,11443,[*]C(F)(F)C(F)(F)C(C=C1)=CC=C1O[*],[*]Oc1ccc(C(F)(F)C([*])(F)F)cc1
11444,-5.59,11444,[*]C(F)(F)C(F)(F)CC(S1)=CC=C1[*],[*]Cc1ccc(C(F)(F)C([*])(F)F)s1
11445,-5.78,11445,[*]C(F)(F)C(F)(F)CC(C=C1)=CC=C1[*],[*]Cc1ccc(C(F)(F)C([*])(F)F)cc1
11446,-5.5,11446,[*]C(F)(F)C(F)(F)CC(=O)[*],[*]CC(F)(F)C(F)(F)C([*])=O
11447,-5.19,11447,[*]C(F)(F)C(F)(F)CC(=S)[*],[*]CC(=S)C(F)(F)C([*])(F)F
11448,-5.24,11448,[*]C(F)(F)C(F)(F)CN[*],[*]CNC(F)(F)C([*])(F)F
11449,-5.23,11449,[*]C(F)(F)C(F)(F)CO[*],[*]COC(F)(F)C([*])(F)F
11450,-5.86,11450,[*]C(F)(F)C(F)(F)C(=O)C(S1)=CC=C1[*],[*]C(=O)C(F)(F)C(F)(F)c1ccc([*])s1
11451,-6.03,11451,[*]C(F)(F)C(F)(F)C(=O)C(C=C1)=CC=C1[*],[*]C(=O)C(F)(F)C(F)(F)c1ccc([*])cc1
11452,-5.51,11452,[*]C(F)(F)C(F)(F)C(=O)C(=S)[*],[*]C(=O)C(F)(F)C(F)(F)C([*])=S
11453,-5.26,11453,[*]C(F)(F)C(F)(F)C(=S)O[*],[*]OC(=S)C(F)(F)C([*])(F)F
11454,-5.66,11454,[*]C(F)(F)C(F)(F)NC(S1)=CC=C1[*],[*]Nc1ccc(C(F)(F)C([*])(F)F)s1
11455,-5.86,11455,[*]C(F)(F)C(F)(F)NC(C=C1)=CC=C1[*],[*]Nc1ccc(C(F)(F)C([*])(F)F)cc1
11456,-5.65,11456,[*]C(F)(F)C(F)(F)NC(=O)[*],[*]NC(F)(F)C(F)(F)C([*])=O
11457,-5.29,11457,[*]C(F)(F)C(F)(F)NC(=S)[*],[*]NC(=S)C(F)(F)C([*])(F)F
11458,-5.15,11458,[*]C(F)(F)C(F)(F)ON[*],[*]NOC(F)(F)C([*])(F)F
11459,-5.59,11459,[*]C(F)(F)CC(F)(F)C(S1)=CC=C1[*],[*]CC(F)(F)c1ccc(C([*])(F)F)s1
11460,-5.8,11460,[*]C(F)(F)CC(F)(F)C(C=C1)=CC=C1[*],[*]CC(F)(F)c1ccc(C([*])(F)F)cc1
11461,-5.48,11461,[*]C(F)(F)CC(F)(F)C(=O)[*],[*]C(=O)C(F)(F)CC([*])(F)F
11462,-5.2,11462,[*]C(F)(F)CC(F)(F)C(=S)[*],[*]CC(F)(F)C(=S)C([*])(F)F
11463,-5.26,11463,[*]C(F)(F)CC(F)(F)N[*],[*]CC(F)(F)NC([*])(F)F
11464,-5.25,11464,[*]C(F)(F)CC(F)(F)O[*],[*]CC(F)(F)OC([*])(F)F
11465,-5.77,11465,[*]C(F)(F)C(=O)C(F)(F)C(=O)[*],[*]C(=O)C(F)(F)C(=O)C([*])(F)F
11466,-5.57,11466,[*]C(F)(F)C(=O)C(F)(F)O[*],[*]C(=O)C(F)(F)OC([*])(F)F
11467,-5.24,11467,[*]C(F)(F)C(=S)C(F)(F)O[*],[*]OC(F)(F)C(=S)C([*])(F)F
11468,-5.66,11468,[*]C(F)(F)NC(F)(F)C(S1)=CC=C1[*],[*]NC(F)(F)c1ccc(C([*])(F)F)s1
11469,-5.88,11469,[*]C(F)(F)NC(F)(F)C(C=C1)=CC=C1[*],[*]NC(F)(F)c1ccc(C([*])(F)F)cc1
11470,-5.56,11470,[*]C(F)(F)NC(F)(F)C(=O)[*],[*]C(=O)C(F)(F)NC([*])(F)F
11471,-5.29,11471,[*]C(F)(F)NC(F)(F)C(=S)[*],[*]NC(F)(F)C(=S)C([*])(F)F
11472,-5.31,11472,[*]C(F)(F)NC(F)(F)N[*],[*]NC(F)(F)NC([*])(F)F
11473,-5.29,11473,[*]C(F)(F)NC(F)(F)O[*],[*]NC(F)(F)OC([*])(F)F
11482,-6.3,11482,[*]C(C=C1)=CC=C1C(C=C2)=CC=C2C(S3)=CC=C3C(S4)=CC=C4[*],[*]c1ccc(-c2ccc(-c3ccc(-c4ccc([*])s4)s3)cc2)cc1
11483,-6.27,11483,[*]C(C=C1)=CC=C1C(C=C2)=CC=C2C(S3)=CC=C3C(=S)[*],[*]C(=S)c1ccc(-c2ccc(-c3ccc([*])cc3)cc2)s1
11484,-6.22,11484,[*]C(C=C1)=CC=C1C(=S)C(S2)=CC=C2C(S3)=CC=C3[*],[*]C(=S)c1ccc(-c2ccc(-c3ccc([*])cc3)s2)s1
11485,-5.68,11485,[*]CC(S1)=CC=C1CO[*],[*]COCc1ccc([*])s1
11486,-6.19,11486,[*]C(=O)C(S1)=CC=C1C(=S)C(S2)=CC=C2[*],[*]C(=O)c1ccc(C(=S)c2ccc([*])s2)s1
11487,-6.31,11487,[*]C(=O)C(C=C1)=CC=C1C(S2)=CC=C2C(S3)=CC=C3[*],[*]C(=O)c1ccc(-c2ccc(-c3ccc([*])cc3)s2)s1
11488,-6.3,11488,[*]C(=O)C(C=C1)=CC=C1C(S2)=CC=C2C(=S)[*],[*]C(=O)c1ccc(-c2ccc(C([*])=S)s2)cc1
11489,-6.38,11489,[*]C(=O)C(C=C1)=CC=C1C(C=C2)=CC=C2C(S3)=CC=C3[*],[*]C(=O)c1ccc(-c2ccc(-c3ccc([*])cc3)cc2)s1
11490,-6.31,11490,[*]C(=O)C(C=C1)=CC=C1C(=S)C(S2)=CC=C2[*],[*]C(=O)c1ccc(C(=S)c2ccc([*])cc2)s1
11491,-6.38,11491,[*]C(=O)C(C=C1)=CC=C1C(=S)C(C=C2)=CC=C2[*],[*]C(=O)c1ccc(C(=S)c2ccc([*])cc2)cc1
11492,-6.14,11492,[*]NC(S1)=CC=C1C(=O)O[*],[*]ONc1ccc(C([*])=O)s1
11493,-6.34,11493,[*]NC(C=C1)=CC=C1C(=O)C(C=C2)=CC=C2[*],[*]C(=O)c1ccc(Nc2ccc([*])cc2)cc1
11557,-5.61,11557,[*]NC(=S)NC(C=C1)=CC=C1NC(=S)NCCCCCC[*],[*]NCCCCCCNC(=S)Nc1ccc(NC([*])=S)cc1
11558,-6.19,11558,[*]C(S1)=CC=C1C(S2)=CC=C2C(=S)C(S3)=CC=C3C(=O)NC(=O)N[*],[*]NC(=O)c1ccc(C(=S)c2ccc(-c3ccc(NC([*])=O)s3)s2)s1
11559,-6.19,11559,[*]C(S1)=CC=C1C(=S)C(S2)=CC=C2C(=S)C(=O)NC(C=C3)=CC=C3C(S4)=CC=C4[*],[*]Nc1ccc(-c2ccc(-c3ccc(C(=S)c4ccc(C(=S)C([*])=O)s4)s3)s2)cc1
11560,-6.04,11560,[*]C(C=C1)=CC=C1C(C=C2)=CC=C2CC(=S)C(S3)=CC=C3C(=S)CO[*],[*]COc1ccc(-c2ccc(CC(=S)c3ccc(C([*])=S)s3)cc2)cc1
11561,-6.12,11561,[*]C(C=C1)=CC=C1NC(S2)=CC=C2C(S3)=CC=C3C(=S)C(S4)=CC=C4C(S5)=CC=C5N[*],[*]C(=S)c1ccc(-c2ccc(Nc3ccc(Nc4ccc(-c5ccc([*])s5)s4)cc3)s2)s1
11562,-6.21,11562,[*]C(C=C1)=CC=C1NC(C=C2)=CC=C2C(=S)NC(S3)=CC=C3C(=O)N[*],[*]Nc1ccc(Nc2ccc(C(=S)Nc3ccc(C([*])=O)s3)cc2)cc1
11563,-6.14,11563,[*]CCC(=O)OC(=O)CC(C=C1)=CC=C1C(C=C2)=CC=C2[*],[*]CCc1ccc(-c2ccc(CC(=O)OC([*])=O)cc2)cc1
11564,-5.99,11564,[*]C(=O)NONC(=O)NC(S1)=CC=C1N[*],[*]NONC(=O)Nc1ccc(NC([*])=O)s1
11565,-6.05,11565,[*]C(=S)C(=O)CCNC(C=C1)=CC=C1C(=S)C(C=C2)=CC=C2[*],[*]CCNc1ccc(C(=S)c2ccc(C(=S)C([*])=O)cc2)cc1
11566,-5.87,11566,[*]C(F)(F)C(F)(F)C(S1)=CC=C1C(S2)=CC=C2[*],[*]c1ccc(-c2ccc(C(F)(F)C([*])(F)F)s2)s1
11567,-5.64,11567,[*]C(F)(F)C(F)(F)C(=O)O[*],[*]OC(F)(F)C(F)(F)C([*])=O
11568,-5.82,11568,[*]C(F)(F)C(=O)C(F)(F)C(S1)=CC=C1[*],[*]C(=O)C(F)(F)c1ccc(C([*])(F)F)s1
11569,-6.01,11569,[*]C(F)(F)C(=O)C(F)(F)C(C=C1)=CC=C1[*],[*]C(=O)C(F)(F)c1ccc(C([*])(F)F)cc1
11570,-5.25,11570,[*]C(F)(F)OC(F)(F)O[*],[*]OC(F)(F)OC([*])(F)F
11571,-5.89,11571,[*]N(C(=O)C1=C2)C(=O)C1=CC=C2C(=O)C(=CC=C3C4(=O))C=C3C(=O)N4C(C)COCCOCCOC(C)COCC(C)[*],[*]COCC(C)N1C(=O)c2ccc(C(=O)c3ccc4c(c3)C(=O)N(C(C)COCCOCCOC([*])C)C4=O)cc2C1=O
